OrderID,OrderDate,ShipDate,ShipMode,CustomerID,CustomerName,Segment,Country,City,State,PostalCode,Region,ProductID,Category,SubCategory,ProductName,Sales,Quantity,Discount,Profit
ORD-2025-10001,2025-12-31,2026-01-03,Second Class,CUST-1004,Sarah Williams,Consumer,United States,Seattle,Washington,98101,West,PROD-4831,Office Supplies,Appliances,Compact Refrigerator,630.0,5,0.3,85.71
ORD-2025-10002,2025-12-01,2025-12-06,Standard Class,CUST-1009,Daniel Anderson,Consumer,United States,Miami,Florida,33180,South,PROD-5440,Furniture,Bookcases,IKEA Billy Bookcase,591.85,7,0.05,152.81
ORD-2025-10003,2025-10-25,2025-10-28,Standard Class,CUST-1002,Linda Martinez,Corporate,United States,San Francisco,California,94107,West,PROD-5440,Furniture,Bookcases,IKEA Billy Bookcase,320.4,6,0.4,-42.95
ORD-2025-10004,2025-11-04,2025-11-09,First Class,CUST-1010,Sophia Thomas,Consumer,United States,Los Angeles,California,90036,West,PROD-5691,Office Supplies,Binders,Clear View Presentation Binder,5.4,1,0.1,1.02
ORD-2025-10005,2025-12-18,2025-12-21,Second Class,CUST-1006,Emily Davis,Corporate,United States,Boston,Massachusetts,02215,East,PROD-3961,Furniture,Chairs,Ergonomic Mesh Chair,1026.0,6,0.05,291.47
ORD-2025-10006,2025-11-15,2025-11-18,Second Class,CUST-1011,Robert Jackson,Corporate,United States,Los Angeles,California,90036,West,PROD-8774,Technology,Machines,Epson EcoTank,690.0,3,0.0,254.16
ORD-2025-10007,2025-10-18,2025-10-21,Second Class,CUST-1011,Robert Jackson,Corporate,United States,Charlotte,North Carolina,28205,South,PROD-6532,Furniture,Tables,Solid Oak Dining Table,1080.0,2,0.1,225.9
ORD-2025-10008,2025-12-11,2025-12-15,Same Day,CUST-1006,Emily Davis,Consumer,United States,Boston,Massachusetts,02215,East,PROD-4843,Furniture,Chairs,Herman Miller Aeron,5950.0,7,0.0,2243.59
ORD-2025-10009,2025-03-23,2025-03-27,Standard Class,CUST-1007,James Wilson,Corporate,United States,Charlotte,North Carolina,28205,South,PROD-3961,Furniture,Chairs,Ergonomic Mesh Chair,1080.0,6,0.0,321.56
ORD-2025-10010,2025-10-02,2025-10-05,Standard Class,CUST-1005,Michael Brown,Corporate,United States,Philadelphia,Pennsylvania,19104,East,PROD-6301,Technology,Machines,Brother HL-L2350DW,1064.0,7,0.05,306.71
ORD-2025-10011,2025-02-24,2025-02-27,Second Class,CUST-1003,David Smith,Corporate,United States,Boston,Massachusetts,02215,East,PROD-6219,Office Supplies,Paper,Cardstock Heavy Weight,88.0,4,0.0,33.72
ORD-2025-10012,2025-07-05,2025-07-08,Second Class,CUST-1001,Alex Johnson,Consumer,United States,Los Angeles,California,90036,West,PROD-5836,Office Supplies,Art,Faber-Castell Color Pencils,119.7,7,0.05,41.67
ORD-2025-10013,2025-09-01,2025-09-03,First Class,CUST-1009,Daniel Anderson,Home Office,United States,Miami,Florida,33180,South,PROD-5691,Office Supplies,Binders,Clear View Presentation Binder,19.2,4,0.2,3.22
ORD-2025-10014,2025-09-22,2025-09-24,Second Class,CUST-1002,Linda Martinez,Corporate,United States,Seattle,Washington,98101,West,PROD-7862,Office Supplies,Binders,Heavy Duty 3-Ring Binder,8.5,1,0.0,2.5
ORD-2025-10015,2025-10-02,2025-10-05,Standard Class,CUST-1009,Daniel Anderson,Consumer,United States,Detroit,Michigan,48201,Central,PROD-8765,Furniture,Tables,Conference Table,750.0,2,0.5,-331.69
ORD-2025-10016,2025-12-21,2025-12-25,First Class,CUST-1007,James Wilson,Corporate,United States,Charlotte,North Carolina,28205,South,PROD-3776,Technology,Phones,Apple iPhone 14,2556.8,4,0.2,255.4
ORD-2025-10017,2025-10-22,2025-10-27,Same Day,CUST-1003,David Smith,Corporate,United States,Philadelphia,Pennsylvania,19104,East,PROD-6835,Furniture,Tables,IKEA Bekant Desk,1000.0,4,0.0,392.41
ORD-2025-10018,2025-10-04,2025-10-05,Second Class,CUST-1003,David Smith,Corporate,United States,Atlanta,Georgia,30318,South,PROD-8073,Technology,Copiers,Canon ImageCLASS,630.0,2,0.3,89.71
ORD-2025-10019,2025-11-25,2025-11-28,Same Day,CUST-1012,Olivia White,Home Office,United States,Miami,Florida,33180,South,PROD-8011,Technology,Machines,HP LaserJet Pro,280.0,1,0.0,80.59
ORD-2025-10020,2025-11-28,2025-12-03,Second Class,CUST-1001,Alex Johnson,Home Office,United States,Los Angeles,California,90036,West,PROD-8403,Technology,Phones,Google Pixel 7,3773.7,7,0.1,1003.95
ORD-2025-10021,2025-12-13,2025-12-14,Standard Class,CUST-1007,James Wilson,Home Office,United States,Houston,Texas,77070,Central,PROD-8011,Technology,Machines,HP LaserJet Pro,504.0,3,0.4,-57.61
ORD-2025-10022,2025-12-16,2025-12-21,Standard Class,CUST-1002,Linda Martinez,Home Office,United States,Boston,Massachusetts,02215,East,PROD-6532,Furniture,Tables,Solid Oak Dining Table,540.0,1,0.1,146.74
ORD-2025-10023,2025-03-22,2025-03-27,First Class,CUST-1010,Sophia Thomas,Home Office,United States,Seattle,Washington,98101,West,PROD-1086,Office Supplies,Storage,Plastic Storage Bin 50L,40.8,2,0.15,11.17
ORD-2025-10024,2025-02-24,2025-02-26,First Class,CUST-1005,Michael Brown,Home Office,United States,Boston,Massachusetts,02215,East,PROD-8765,Furniture,Tables,Conference Table,3825.0,6,0.15,783.85
ORD-2025-10025,2025-05-09,2025-05-10,Standard Class,CUST-1011,Robert Jackson,Corporate,United States,Chicago,Illinois,60653,Central,PROD-8011,Technology,Machines,HP LaserJet Pro,840.0,6,0.5,-307.02
ORD-2025-10026,2025-08-07,2025-08-08,Standard Class,CUST-1012,Olivia White,Consumer,United States,San Francisco,California,94107,West,PROD-4831,Office Supplies,Appliances,Compact Refrigerator,684.0,4,0.05,247.48
ORD-2025-10027,2025-07-06,2025-07-07,First Class,CUST-1004,Sarah Williams,Home Office,United States,Boston,Massachusetts,02215,East,PROD-6301,Technology,Machines,Brother HL-L2350DW,784.0,7,0.3,-51.6
ORD-2025-10028,2025-03-21,2025-03-23,Second Class,CUST-1003,David Smith,Corporate,United States,Los Angeles,California,90036,West,PROD-6703,Office Supplies,Storage,Archive Box Pack of 10,201.6,7,0.1,58.24
ORD-2025-10029,2025-10-02,2025-10-06,Second Class,CUST-1004,Sarah Williams,Corporate,United States,Houston,Texas,77070,Central,PROD-6295,Technology,Accessories,Logitech MX Master 3,356.4,6,0.4,-77.01
ORD-2025-10030,2025-05-23,2025-05-28,Same Day,CUST-1011,Robert Jackson,Home Office,United States,Chicago,Illinois,60653,Central,PROD-8011,Technology,Machines,HP LaserJet Pro,700.0,5,0.5,-212.59
ORD-2025-10031,2025-06-10,2025-06-15,Standard Class,CUST-1007,James Wilson,Home Office,United States,Philadelphia,Pennsylvania,19104,East,PROD-8073,Technology,Copiers,Canon ImageCLASS,2025.0,5,0.1,552.08
ORD-2025-10032,2025-02-05,2025-02-08,First Class,CUST-1011,Robert Jackson,Consumer,United States,Detroit,Michigan,48201,Central,PROD-5593,Furniture,Furnishings,Anti-Fatigue Standing Mat,136.0,4,0.15,35.4
ORD-2025-10033,2025-12-07,2025-12-09,First Class,CUST-1007,James Wilson,Home Office,United States,San Francisco,California,94107,West,PROD-6532,Furniture,Tables,Solid Oak Dining Table,3360.0,7,0.2,547.06
ORD-2025-10034,2025-08-15,2025-08-20,Same Day,CUST-1012,Olivia White,Consumer,United States,San Francisco,California,94107,West,PROD-8134,Office Supplies,Appliances,Microwave Oven 900W,99.0,1,0.1,21.9
ORD-2025-10035,2025-04-26,2025-04-28,Standard Class,CUST-1001,Alex Johnson,Consumer,United States,Charlotte,North Carolina,28205,South,PROD-5986,Technology,Copiers,Xerox Phaser,2808.0,6,0.1,599.81
ORD-2025-10036,2025-07-16,2025-07-18,Second Class,CUST-1011,Robert Jackson,Home Office,United States,Los Angeles,California,90036,West,PROD-6835,Furniture,Tables,IKEA Bekant Desk,1050.0,7,0.4,-13.18
ORD-2025-10037,2025-05-08,2025-05-09,Same Day,CUST-1003,David Smith,Corporate,United States,Houston,Texas,77070,Central,PROD-8134,Office Supplies,Appliances,Microwave Oven 900W,462.0,7,0.4,-85.89
ORD-2025-10038,2025-09-01,2025-09-03,First Class,CUST-1009,Daniel Anderson,Corporate,United States,Philadelphia,Pennsylvania,19104,East,PROD-3961,Furniture,Chairs,Ergonomic Mesh Chair,486.0,3,0.1,139.99
ORD-2025-10039,2025-06-13,2025-06-14,Second Class,CUST-1003,David Smith,Consumer,United States,Charlotte,North Carolina,28205,South,PROD-6295,Technology,Accessories,Logitech MX Master 3,277.2,4,0.3,19.95
ORD-2025-10040,2025-08-27,2025-08-29,Same Day,CUST-1007,James Wilson,Home Office,United States,Seattle,Washington,98101,West,PROD-1464,Furniture,Furnishings,Floor Lamp LED,140.25,3,0.15,22.6
ORD-2025-10041,2025-08-03,2025-08-08,Second Class,CUST-1008,Jessica Taylor,Consumer,United States,Houston,Texas,77070,Central,PROD-9359,Furniture,Chairs,Steelcase Gesture,1638.0,3,0.3,-61.02
ORD-2025-10042,2025-03-07,2025-03-12,Standard Class,CUST-1007,James Wilson,Home Office,United States,Los Angeles,California,90036,West,PROD-5836,Office Supplies,Art,Faber-Castell Color Pencils,75.6,7,0.4,-3.43
ORD-2025-10043,2025-05-14,2025-05-16,Same Day,CUST-1006,Emily Davis,Corporate,United States,Atlanta,Georgia,30318,South,PROD-5440,Furniture,Bookcases,IKEA Billy Bookcase,356.0,4,0.0,102.4
ORD-2025-10044,2025-01-27,2025-01-30,Second Class,CUST-1011,Robert Jackson,Consumer,United States,Los Angeles,California,90036,West,PROD-6295,Technology,Accessories,Logitech MX Master 3,470.25,5,0.05,155.54
ORD-2025-10045,2025-08-31,2025-09-05,Second Class,CUST-1008,Jessica Taylor,Home Office,United States,Houston,Texas,77070,Central,PROD-3776,Technology,Phones,Apple iPhone 14,2397.0,3,0.0,624.82
ORD-2025-10046,2025-10-22,2025-10-26,Same Day,CUST-1012,Olivia White,Consumer,United States,Seattle,Washington,98101,West,PROD-7862,Office Supplies,Binders,Heavy Duty 3-Ring Binder,43.35,6,0.15,6.25
ORD-2025-10047,2025-11-04,2025-11-09,Standard Class,CUST-1006,Emily Davis,Home Office,United States,Charlotte,North Carolina,28205,South,PROD-3961,Furniture,Chairs,Ergonomic Mesh Chair,864.0,6,0.2,213.95
ORD-2025-10048,2025-08-04,2025-08-05,Same Day,CUST-1006,Emily Davis,Home Office,United States,Charlotte,North Carolina,28205,South,PROD-8073,Technology,Copiers,Canon ImageCLASS,2295.0,6,0.15,425.56
ORD-2025-10049,2025-10-03,2025-10-07,Same Day,CUST-1012,Olivia White,Home Office,United States,Houston,Texas,77070,Central,PROD-4966,Technology,Phones,Samsung Galaxy S23,2516.4,4,0.1,599.81
ORD-2025-10050,2025-12-09,2025-12-10,Same Day,CUST-1006,Emily Davis,Consumer,United States,Miami,Florida,33180,South,PROD-2095,Furniture,Bookcases,Industrial Wood Bookshelf,484.5,3,0.15,94.98
ORD-2025-10051,2025-09-22,2025-09-23,Second Class,CUST-1012,Olivia White,Corporate,United States,Charlotte,North Carolina,28205,South,PROD-5986,Technology,Copiers,Xerox Phaser,2080.0,4,0.0,802.97
ORD-2025-10052,2025-04-24,2025-04-26,First Class,CUST-1011,Robert Jackson,Home Office,United States,Houston,Texas,77070,Central,PROD-8134,Office Supplies,Appliances,Microwave Oven 900W,220.0,4,0.5,-61.88
ORD-2025-10053,2025-12-29,2025-12-31,First Class,CUST-1002,Linda Martinez,Home Office,United States,New York City,New York,10024,East,PROD-5986,Technology,Copiers,Xerox Phaser,2652.0,6,0.15,321.12
ORD-2025-10054,2025-11-13,2025-11-15,First Class,CUST-1001,Alex Johnson,Home Office,United States,Philadelphia,Pennsylvania,19104,East,PROD-8403,Technology,Phones,Google Pixel 7,1707.15,3,0.05,457.01
ORD-2025-10055,2025-09-29,2025-10-04,First Class,CUST-1008,Jessica Taylor,Corporate,United States,Atlanta,Georgia,30318,South,PROD-4966,Technology,Phones,Samsung Galaxy S23,2935.8,7,0.4,-83.73
ORD-2025-10056,2025-02-03,2025-02-04,Standard Class,CUST-1003,David Smith,Consumer,United States,Chicago,Illinois,60653,Central,PROD-8403,Technology,Phones,Google Pixel 7,2935.1,7,0.3,-78.04
ORD-2025-10057,2025-04-26,2025-04-30,Same Day,CUST-1008,Jessica Taylor,Corporate,United States,Atlanta,Georgia,30318,South,PROD-4831,Office Supplies,Appliances,Compact Refrigerator,900.0,5,0.0,232.08
ORD-2025-10058,2025-04-17,2025-04-20,Standard Class,CUST-1003,David Smith,Consumer,United States,Boston,Massachusetts,02215,East,PROD-6295,Technology,Accessories,Logitech MX Master 3,237.6,4,0.4,-40.95
ORD-2025-10059,2025-10-27,2025-10-30,First Class,CUST-1012,Olivia White,Corporate,United States,Seattle,Washington,98101,West,PROD-6301,Technology,Machines,Brother HL-L2350DW,720.0,5,0.1,188.98
ORD-2025-10060,2025-10-17,2025-10-20,Second Class,CUST-1002,Linda Martinez,Consumer,United States,Philadelphia,Pennsylvania,19104,East,PROD-8134,Office Supplies,Appliances,Microwave Oven 900W,440.0,4,0.0,145.07
ORD-2025-10061,2025-06-05,2025-06-08,Same Day,CUST-1008,Jessica Taylor,Consumer,United States,San Francisco,California,94107,West,PROD-6703,Office Supplies,Storage,Archive Box Pack of 10,32.0,1,0.0,11.7
ORD-2025-10062,2025-12-12,2025-12-17,Standard Class,CUST-1011,Robert Jackson,Corporate,United States,Los Angeles,California,90036,West,PROD-5593,Furniture,Furnishings,Anti-Fatigue Standing Mat,56.0,2,0.3,0.38
ORD-2025-10063,2025-09-09,2025-09-13,First Class,CUST-1007,James Wilson,Corporate,United States,Detroit,Michigan,48201,Central,PROD-1223,Technology,Accessories,Anker USB-C Hub,90.0,4,0.5,-39.97
ORD-2025-10064,2025-10-09,2025-10-12,First Class,CUST-1006,Emily Davis,Consumer,United States,Charlotte,North Carolina,28205,South,PROD-5986,Technology,Copiers,Xerox Phaser,468.0,1,0.1,115.56
ORD-2025-10065,2025-11-15,2025-11-19,Standard Class,CUST-1004,Sarah Williams,Corporate,United States,Philadelphia,Pennsylvania,19104,East,PROD-1464,Furniture,Furnishings,Floor Lamp LED,49.5,1,0.1,10.64
ORD-2025-10066,2025-06-09,2025-06-14,Same Day,CUST-1002,Linda Martinez,Consumer,United States,San Francisco,California,94107,West,PROD-1223,Technology,Accessories,Anker USB-C Hub,229.5,6,0.15,46.89
ORD-2025-10067,2025-05-20,2025-05-24,Same Day,CUST-1004,Sarah Williams,Corporate,United States,Philadelphia,Pennsylvania,19104,East,PROD-6295,Technology,Accessories,Logitech MX Master 3,207.9,3,0.3,14.56
ORD-2025-10068,2025-09-28,2025-10-01,First Class,CUST-1010,Sophia Thomas,Home Office,United States,Miami,Florida,33180,South,PROD-5593,Furniture,Furnishings,Anti-Fatigue Standing Mat,84.0,3,0.3,3.8
ORD-2025-10069,2025-06-14,2025-06-16,Same Day,CUST-1004,Sarah Williams,Corporate,United States,San Francisco,California,94107,West,PROD-3307,Office Supplies,Art,Acrylic Paint Set,106.4,4,0.05,30.88
ORD-2025-10070,2025-12-12,2025-12-15,Standard Class,CUST-1008,Jessica Taylor,Consumer,United States,Miami,Florida,33180,South,PROD-5691,Office Supplies,Binders,Clear View Presentation Binder,39.9,7,0.05,14.23
ORD-2025-10071,2025-12-25,2025-12-29,Standard Class,CUST-1006,Emily Davis,Home Office,United States,Atlanta,Georgia,30318,South,PROD-5836,Office Supplies,Art,Faber-Castell Color Pencils,90.0,5,0.0,32.83
ORD-2025-10072,2025-12-17,2025-12-19,Standard Class,CUST-1007,James Wilson,Consumer,United States,San Francisco,California,94107,West,PROD-8011,Technology,Machines,HP LaserJet Pro,224.0,1,0.2,22.56
ORD-2025-10073,2025-05-31,2025-06-04,Second Class,CUST-1004,Sarah Williams,Home Office,United States,Charlotte,North Carolina,28205,South,PROD-7862,Office Supplies,Binders,Heavy Duty 3-Ring Binder,17.0,2,0.0,5.25
ORD-2025-10074,2025-07-15,2025-07-17,Same Day,CUST-1010,Sophia Thomas,Consumer,United States,Philadelphia,Pennsylvania,19104,East,PROD-6703,Office Supplies,Storage,Archive Box Pack of 10,96.0,3,0.0,25.46
ORD-2025-10075,2025-08-27,2025-09-01,Second Class,CUST-1002,Linda Martinez,Corporate,United States,Detroit,Michigan,48201,Central,PROD-7425,Furniture,Furnishings,Desk Organizer,45.0,3,0.4,-2.24
ORD-2025-10076,2025-07-16,2025-07-17,Second Class,CUST-1007,James Wilson,Home Office,United States,Detroit,Michigan,48201,Central,PROD-5440,Furniture,Bookcases,IKEA Billy Bookcase,498.4,7,0.2,39.5
ORD-2025-10077,2025-09-12,2025-09-15,Second Class,CUST-1010,Sophia Thomas,Corporate,United States,Boston,Massachusetts,02215,East,PROD-6301,Technology,Machines,Brother HL-L2350DW,1064.0,7,0.05,286.45
ORD-2025-10078,2025-11-18,2025-11-21,Same Day,CUST-1001,Alex Johnson,Home Office,United States,Detroit,Michigan,48201,Central,PROD-4966,Technology,Phones,Samsung Galaxy S23,1467.9,3,0.3,-37.7
ORD-2025-10079,2025-07-07,2025-07-10,Second Class,CUST-1005,Michael Brown,Corporate,United States,Detroit,Michigan,48201,Central,PROD-9359,Furniture,Chairs,Steelcase Gesture,741.0,1,0.05,246.6
ORD-2025-10080,2025-12-13,2025-12-17,First Class,CUST-1002,Linda Martinez,Corporate,United States,San Francisco,California,94107,West,PROD-6219,Office Supplies,Paper,Cardstock Heavy Weight,56.1,3,0.15,10.71
ORD-2025-10081,2025-11-23,2025-11-24,Second Class,CUST-1008,Jessica Taylor,Consumer,United States,Detroit,Michigan,48201,Central,PROD-8403,Technology,Phones,Google Pixel 7,2515.8,7,0.4,-190.06
ORD-2025-10082,2025-10-03,2025-10-04,First Class,CUST-1008,Jessica Taylor,Consumer,United States,Los Angeles,California,90036,West,PROD-5691,Office Supplies,Binders,Clear View Presentation Binder,19.2,4,0.2,2.39
ORD-2025-10083,2025-12-23,2025-12-27,Second Class,CUST-1007,James Wilson,Home Office,United States,San Francisco,California,94107,West,PROD-3307,Office Supplies,Art,Acrylic Paint Set,22.4,1,0.2,4.69
ORD-2025-10084,2025-08-16,2025-08-19,Standard Class,CUST-1011,Robert Jackson,Corporate,United States,Chicago,Illinois,60653,Central,PROD-5440,Furniture,Bookcases,IKEA Billy Bookcase,62.3,1,0.3,0.33
ORD-2025-10085,2025-11-02,2025-11-03,First Class,CUST-1004,Sarah Williams,Consumer,United States,New York City,New York,10024,East,PROD-7862,Office Supplies,Binders,Heavy Duty 3-Ring Binder,53.55,7,0.1,14.92
ORD-2025-10086,2025-03-17,2025-03-22,Standard Class,CUST-1005,Michael Brown,Consumer,United States,Boston,Massachusetts,02215,East,PROD-6835,Furniture,Tables,IKEA Bekant Desk,1500.0,6,0.0,570.34
ORD-2025-10087,2025-07-03,2025-07-05,First Class,CUST-1001,Alex Johnson,Consumer,United States,Chicago,Illinois,60653,Central,PROD-8073,Technology,Copiers,Canon ImageCLASS,2700.0,6,0.0,764.9
ORD-2025-10088,2025-09-20,2025-09-24,Second Class,CUST-1010,Sophia Thomas,Consumer,United States,Houston,Texas,77070,Central,PROD-8408,Office Supplies,Paper,Multipurpose Copy Paper 500 Sheets,33.6,4,0.3,4.02
ORD-2025-10089,2025-12-31,2026-01-01,Standard Class,CUST-1006,Emily Davis,Home Office,United States,New York City,New York,10024,East,PROD-6301,Technology,Machines,Brother HL-L2350DW,768.0,6,0.2,137.15
ORD-2025-10090,2025-11-02,2025-11-06,Same Day,CUST-1002,Linda Martinez,Home Office,United States,Seattle,Washington,98101,West,PROD-2439,Office Supplies,Appliances,Electric Kettle,220.5,7,0.1,57.69
ORD-2025-10091,2025-04-27,2025-05-01,Same Day,CUST-1007,James Wilson,Home Office,United States,San Francisco,California,94107,West,PROD-2095,Furniture,Bookcases,Industrial Wood Bookshelf,541.5,3,0.05,140.78
ORD-2025-10092,2025-10-08,2025-10-09,Same Day,CUST-1002,Linda Martinez,Home Office,United States,Chicago,Illinois,60653,Central,PROD-6219,Office Supplies,Paper,Cardstock Heavy Weight,132.0,6,0.0,35.5
ORD-2025-10093,2025-08-05,2025-08-06,First Class,CUST-1010,Sophia Thomas,Corporate,United States,Chicago,Illinois,60653,Central,PROD-4831,Office Supplies,Appliances,Compact Refrigerator,288.0,2,0.2,53.09
ORD-2025-10094,2025-10-12,2025-10-15,Second Class,CUST-1007,James Wilson,Home Office,United States,Seattle,Washington,98101,West,PROD-1086,Office Supplies,Storage,Plastic Storage Bin 50L,40.8,2,0.15,6.94
ORD-2025-10095,2025-06-08,2025-06-11,Standard Class,CUST-1003,David Smith,Consumer,United States,Miami,Florida,33180,South,PROD-3776,Technology,Phones,Apple iPhone 14,4314.6,6,0.1,1167.68
ORD-2025-10096,2025-11-14,2025-11-17,First Class,CUST-1010,Sophia Thomas,Home Office,United States,Los Angeles,California,90036,West,PROD-3089,Technology,Accessories,Sony WH-1000XM5,349.0,1,0.0,125.36
ORD-2025-10097,2025-12-05,2025-12-10,Same Day,CUST-1007,James Wilson,Corporate,United States,Boston,Massachusetts,02215,East,PROD-8774,Technology,Machines,Epson EcoTank,195.5,1,0.15,34.1
ORD-2025-10098,2025-10-31,2025-11-03,Standard Class,CUST-1004,Sarah Williams,Corporate,United States,Los Angeles,California,90036,West,PROD-8011,Technology,Machines,HP LaserJet Pro,1862.0,7,0.05,461.34
ORD-2025-10099,2025-09-28,2025-10-02,Same Day,CUST-1003,David Smith,Consumer,United States,Charlotte,North Carolina,28205,South,PROD-5691,Office Supplies,Binders,Clear View Presentation Binder,4.2,1,0.3,-0.18
ORD-2025-10100,2025-01-22,2025-01-26,Standard Class,CUST-1006,Emily Davis,Home Office,United States,Charlotte,North Carolina,28205,South,PROD-5593,Furniture,Furnishings,Anti-Fatigue Standing Mat,28.0,1,0.3,3.87
ORD-2025-10101,2025-12-16,2025-12-20,First Class,CUST-1002,Linda Martinez,Corporate,United States,Los Angeles,California,90036,West,PROD-7425,Furniture,Furnishings,Desk Organizer,17.5,1,0.3,-0.76
ORD-2025-10102,2025-10-19,2025-10-20,Standard Class,CUST-1009,Daniel Anderson,Home Office,United States,Philadelphia,Pennsylvania,19104,East,PROD-6835,Furniture,Tables,IKEA Bekant Desk,237.5,1,0.05,77.9
ORD-2025-10103,2025-03-30,2025-03-31,Second Class,CUST-1011,Robert Jackson,Corporate,United States,Charlotte,North Carolina,28205,South,PROD-3307,Office Supplies,Art,Acrylic Paint Set,156.8,7,0.2,34.76
ORD-2025-10104,2025-02-04,2025-02-07,First Class,CUST-1010,Sophia Thomas,Consumer,United States,Detroit,Michigan,48201,Central,PROD-8774,Technology,Machines,Epson EcoTank,552.0,4,0.4,-10.59
ORD-2025-10105,2025-02-16,2025-02-21,Same Day,CUST-1008,Jessica Taylor,Home Office,United States,San Francisco,California,94107,West,PROD-5691,Office Supplies,Binders,Clear View Presentation Binder,18.0,5,0.4,-2.26
ORD-2025-10106,2025-02-01,2025-02-04,Standard Class,CUST-1009,Daniel Anderson,Home Office,United States,New York City,New York,10024,East,PROD-5986,Technology,Copiers,Xerox Phaser,2470.0,5,0.05,768.08
ORD-2025-10107,2025-05-25,2025-05-28,Standard Class,CUST-1011,Robert Jackson,Home Office,United States,Chicago,Illinois,60653,Central,PROD-3961,Furniture,Chairs,Ergonomic Mesh Chair,756.0,6,0.3,54.0
ORD-2025-10108,2025-10-26,2025-10-29,First Class,CUST-1011,Robert Jackson,Home Office,United States,Miami,Florida,33180,South,PROD-6219,Office Supplies,Paper,Cardstock Heavy Weight,77.0,5,0.3,0.38
ORD-2025-10109,2025-06-18,2025-06-23,Standard Class,CUST-1011,Robert Jackson,Home Office,United States,Charlotte,North Carolina,28205,South,PROD-9359,Furniture,Chairs,Steelcase Gesture,2223.0,3,0.05,485.14
ORD-2025-10110,2025-06-24,2025-06-28,Second Class,CUST-1004,Sarah Williams,Consumer,United States,New York City,New York,10024,East,PROD-3961,Furniture,Chairs,Ergonomic Mesh Chair,1260.0,7,0.0,378.9
ORD-2025-10111,2025-11-15,2025-11-17,Second Class,CUST-1003,David Smith,Home Office,United States,Boston,Massachusetts,02215,East,PROD-9359,Furniture,Chairs,Steelcase Gesture,2106.0,3,0.1,361.67
ORD-2025-10112,2025-11-24,2025-11-26,Second Class,CUST-1005,Michael Brown,Corporate,United States,Philadelphia,Pennsylvania,19104,East,PROD-8134,Office Supplies,Appliances,Microwave Oven 900W,374.0,4,0.15,58.64
ORD-2025-10113,2025-09-15,2025-09-17,Second Class,CUST-1010,Sophia Thomas,Consumer,United States,Chicago,Illinois,60653,Central,PROD-3307,Office Supplies,Art,Acrylic Paint Set,140.0,5,0.0,45.17
ORD-2025-10114,2025-10-18,2025-10-21,Same Day,CUST-1009,Daniel Anderson,Consumer,United States,Miami,Florida,33180,South,PROD-5986,Technology,Copiers,Xerox Phaser,364.0,1,0.3,47.85
ORD-2025-10115,2025-09-15,2025-09-19,Standard Class,CUST-1006,Emily Davis,Consumer,United States,San Francisco,California,94107,West,PROD-8011,Technology,Machines,HP LaserJet Pro,560.0,2,0.0,199.9
ORD-2025-10116,2025-08-30,2025-09-01,Same Day,CUST-1008,Jessica Taylor,Home Office,United States,Los Angeles,California,90036,West,PROD-8011,Technology,Machines,HP LaserJet Pro,1862.0,7,0.05,524.65
ORD-2025-10117,2025-11-08,2025-11-09,First Class,CUST-1004,Sarah Williams,Corporate,United States,Los Angeles,California,90036,West,PROD-5986,Technology,Copiers,Xerox Phaser,520.0,1,0.0,142.74
ORD-2025-10118,2025-09-13,2025-09-14,Second Class,CUST-1012,Olivia White,Consumer,United States,Houston,Texas,77070,Central,PROD-8011,Technology,Machines,HP LaserJet Pro,1120.0,5,0.2,170.07
ORD-2025-10119,2025-12-04,2025-12-09,Standard Class,CUST-1007,James Wilson,Corporate,United States,Seattle,Washington,98101,West,PROD-2095,Furniture,Bookcases,Industrial Wood Bookshelf,1140.0,6,0.0,394.94
ORD-2025-10120,2025-12-30,2025-12-31,First Class,CUST-1003,David Smith,Consumer,United States,Detroit,Michigan,48201,Central,PROD-8765,Furniture,Tables,Conference Table,1800.0,4,0.4,-365.17
ORD-2025-10121,2025-02-02,2025-02-06,Standard Class,CUST-1005,Michael Brown,Consumer,United States,Los Angeles,California,90036,West,PROD-8774,Technology,Machines,Epson EcoTank,805.0,5,0.3,-55.62
ORD-2025-10122,2025-10-06,2025-10-07,Second Class,CUST-1005,Michael Brown,Corporate,United States,Seattle,Washington,98101,West,PROD-5440,Furniture,Bookcases,IKEA Billy Bookcase,498.4,7,0.2,83.77
ORD-2025-10123,2025-07-24,2025-07-28,First Class,CUST-1003,David Smith,Corporate,United States,Atlanta,Georgia,30318,South,PROD-1086,Office Supplies,Storage,Plastic Storage Bin 50L,100.8,6,0.3,12.7
ORD-2025-10124,2025-11-05,2025-11-07,First Class,CUST-1006,Emily Davis,Consumer,United States,San Francisco,California,94107,West,PROD-6703,Office Supplies,Storage,Archive Box Pack of 10,89.6,4,0.3,9.6
ORD-2025-10125,2025-08-16,2025-08-17,First Class,CUST-1010,Sophia Thomas,Corporate,United States,Detroit,Michigan,48201,Central,PROD-8403,Technology,Phones,Google Pixel 7,2515.8,6,0.3,-154.25
ORD-2025-10126,2025-03-15,2025-03-19,Standard Class,CUST-1003,David Smith,Consumer,United States,Boston,Massachusetts,02215,East,PROD-2095,Furniture,Bookcases,Industrial Wood Bookshelf,950.0,5,0.0,293.77
ORD-2025-10127,2025-12-14,2025-12-17,First Class,CUST-1008,Jessica Taylor,Consumer,United States,Boston,Massachusetts,02215,East,PROD-5593,Furniture,Furnishings,Anti-Fatigue Standing Mat,204.0,6,0.15,51.01
ORD-2025-10128,2025-10-21,2025-10-25,Same Day,CUST-1009,Daniel Anderson,Consumer,United States,Houston,Texas,77070,Central,PROD-5836,Office Supplies,Art,Faber-Castell Color Pencils,76.5,5,0.15,9.02
ORD-2025-10129,2025-10-07,2025-10-11,Second Class,CUST-1012,Olivia White,Corporate,United States,Seattle,Washington,98101,West,PROD-5440,Furniture,Bookcases,IKEA Billy Bookcase,378.25,5,0.15,51.75
ORD-2025-10130,2025-03-22,2025-03-24,First Class,CUST-1009,Daniel Anderson,Consumer,United States,Los Angeles,California,90036,West,PROD-1223,Technology,Accessories,Anker USB-C Hub,36.0,1,0.2,5.26
ORD-2025-10131,2025-07-08,2025-07-13,Second Class,CUST-1010,Sophia Thomas,Consumer,United States,San Francisco,California,94107,West,PROD-7425,Furniture,Furnishings,Desk Organizer,70.0,4,0.3,-2.35
ORD-2025-10132,2025-11-07,2025-11-08,Same Day,CUST-1008,Jessica Taylor,Home Office,United States,Chicago,Illinois,60653,Central,PROD-4831,Office Supplies,Appliances,Compact Refrigerator,1197.0,7,0.05,268.88
ORD-2025-10133,2025-01-29,2025-02-03,Second Class,CUST-1005,Michael Brown,Consumer,United States,Philadelphia,Pennsylvania,19104,East,PROD-5691,Office Supplies,Binders,Clear View Presentation Binder,25.5,5,0.15,3.69
ORD-2025-10134,2025-12-07,2025-12-10,Second Class,CUST-1011,Robert Jackson,Corporate,United States,Seattle,Washington,98101,West,PROD-7862,Office Supplies,Binders,Heavy Duty 3-Ring Binder,13.6,2,0.2,1.25
ORD-2025-10135,2025-10-01,2025-10-02,Standard Class,CUST-1011,Robert Jackson,Home Office,United States,Detroit,Michigan,48201,Central,PROD-8073,Technology,Copiers,Canon ImageCLASS,1530.0,4,0.15,368.43
ORD-2025-10136,2025-05-06,2025-05-10,First Class,CUST-1008,Jessica Taylor,Consumer,United States,Los Angeles,California,90036,West,PROD-5593,Furniture,Furnishings,Anti-Fatigue Standing Mat,144.0,4,0.1,39.84
ORD-2025-10137,2025-12-28,2025-12-31,First Class,CUST-1007,James Wilson,Consumer,United States,Detroit,Michigan,48201,Central,PROD-6219,Office Supplies,Paper,Cardstock Heavy Weight,22.0,2,0.5,-6.04
ORD-2025-10138,2025-11-16,2025-11-21,Same Day,CUST-1004,Sarah Williams,Consumer,United States,Detroit,Michigan,48201,Central,PROD-1086,Office Supplies,Storage,Plastic Storage Bin 50L,159.6,7,0.05,45.83
ORD-2025-10139,2025-09-13,2025-09-17,Standard Class,CUST-1002,Linda Martinez,Corporate,United States,Miami,Florida,33180,South,PROD-8011,Technology,Machines,HP LaserJet Pro,238.0,1,0.15,49.21
ORD-2025-10140,2025-12-01,2025-12-04,Standard Class,CUST-1002,Linda Martinez,Corporate,United States,Philadelphia,Pennsylvania,19104,East,PROD-6703,Office Supplies,Storage,Archive Box Pack of 10,96.0,3,0.0,32.63
ORD-2025-10141,2025-10-19,2025-10-22,First Class,CUST-1002,Linda Martinez,Corporate,United States,Charlotte,North Carolina,28205,South,PROD-4843,Furniture,Chairs,Herman Miller Aeron,595.0,1,0.3,37.42
ORD-2025-10142,2025-06-23,2025-06-26,Second Class,CUST-1004,Sarah Williams,Home Office,United States,Charlotte,North Carolina,28205,South,PROD-3776,Technology,Phones,Apple iPhone 14,1278.4,2,0.2,126.89
ORD-2025-10143,2025-09-23,2025-09-28,Second Class,CUST-1006,Emily Davis,Home Office,United States,Chicago,Illinois,60653,Central,PROD-2095,Furniture,Bookcases,Industrial Wood Bookshelf,570.0,5,0.4,-42.72
ORD-2025-10144,2025-01-09,2025-01-10,Same Day,CUST-1010,Sophia Thomas,Corporate,United States,Seattle,Washington,98101,West,PROD-5440,Furniture,Bookcases,IKEA Billy Bookcase,534.0,6,0.0,166.86
ORD-2025-10145,2025-03-29,2025-04-03,Same Day,CUST-1003,David Smith,Home Office,United States,New York City,New York,10024,East,PROD-8408,Office Supplies,Paper,Multipurpose Copy Paper 500 Sheets,7.2,1,0.4,-0.56
ORD-2025-10146,2025-03-19,2025-03-21,Same Day,CUST-1009,Daniel Anderson,Home Office,United States,Charlotte,North Carolina,28205,South,PROD-8408,Office Supplies,Paper,Multipurpose Copy Paper 500 Sheets,54.0,5,0.1,12.95
ORD-2025-10147,2025-12-06,2025-12-10,First Class,CUST-1003,David Smith,Corporate,United States,Detroit,Michigan,48201,Central,PROD-2095,Furniture,Bookcases,Industrial Wood Bookshelf,228.0,2,0.4,-12.82
ORD-2025-10148,2025-06-02,2025-06-04,Same Day,CUST-1006,Emily Davis,Corporate,United States,Detroit,Michigan,48201,Central,PROD-6703,Office Supplies,Storage,Archive Box Pack of 10,22.4,1,0.3,1.31
ORD-2025-10149,2025-06-26,2025-06-28,First Class,CUST-1001,Alex Johnson,Corporate,United States,San Francisco,California,94107,West,PROD-2095,Furniture,Bookcases,Industrial Wood Bookshelf,342.0,2,0.1,66.81
ORD-2025-10150,2025-05-19,2025-05-22,Second Class,CUST-1002,Linda Martinez,Home Office,United States,New York City,New York,10024,East,PROD-3089,Technology,Accessories,Sony WH-1000XM5,698.0,2,0.0,268.71
ORD-2025-10151,2025-06-19,2025-06-20,Second Class,CUST-1001,Alex Johnson,Home Office,United States,Philadelphia,Pennsylvania,19104,East,PROD-3307,Office Supplies,Art,Acrylic Paint Set,151.2,6,0.1,31.35
ORD-2025-10152,2025-12-19,2025-12-20,Standard Class,CUST-1011,Robert Jackson,Home Office,United States,Boston,Massachusetts,02215,East,PROD-8408,Office Supplies,Paper,Multipurpose Copy Paper 500 Sheets,45.6,4,0.05,10.08
ORD-2025-10153,2025-01-19,2025-01-23,Same Day,CUST-1003,David Smith,Home Office,United States,Chicago,Illinois,60653,Central,PROD-6301,Technology,Machines,Brother HL-L2350DW,800.0,5,0.0,279.79
ORD-2025-10154,2025-08-21,2025-08-26,Same Day,CUST-1003,David Smith,Home Office,United States,Atlanta,Georgia,30318,South,PROD-4966,Technology,Phones,Samsung Galaxy S23,838.8,2,0.4,-135.95
ORD-2025-10155,2025-11-10,2025-11-13,Second Class,CUST-1003,David Smith,Home Office,United States,Atlanta,Georgia,30318,South,PROD-1086,Office Supplies,Storage,Plastic Storage Bin 50L,96.0,4,0.0,35.74
ORD-2025-10156,2025-03-13,2025-03-15,Standard Class,CUST-1005,Michael Brown,Corporate,United States,Philadelphia,Pennsylvania,19104,East,PROD-2095,Furniture,Bookcases,Industrial Wood Bookshelf,950.0,5,0.0,342.73
ORD-2025-10157,2025-07-04,2025-07-05,Standard Class,CUST-1008,Jessica Taylor,Corporate,United States,Philadelphia,Pennsylvania,19104,East,PROD-2439,Office Supplies,Appliances,Electric Kettle,208.25,7,0.15,35.88
ORD-2025-10158,2025-11-24,2025-11-27,First Class,CUST-1010,Sophia Thomas,Consumer,United States,New York City,New York,10024,East,PROD-6532,Furniture,Tables,Solid Oak Dining Table,2880.0,6,0.2,495.44
ORD-2025-10159,2025-10-09,2025-10-14,Second Class,CUST-1004,Sarah Williams,Home Office,United States,Seattle,Washington,98101,West,PROD-5440,Furniture,Bookcases,IKEA Billy Bookcase,445.0,5,0.0,173.88
ORD-2025-10160,2025-10-08,2025-10-10,Second Class,CUST-1003,David Smith,Corporate,United States,Miami,Florida,33180,South,PROD-5691,Office Supplies,Binders,Clear View Presentation Binder,3.6,1,0.4,-0.73
ORD-2025-10161,2025-11-20,2025-11-24,Standard Class,CUST-1009,Daniel Anderson,Corporate,United States,Detroit,Michigan,48201,Central,PROD-5986,Technology,Copiers,Xerox Phaser,3640.0,7,0.0,1140.24
ORD-2025-10162,2025-01-24,2025-01-25,Standard Class,CUST-1002,Linda Martinez,Corporate,United States,San Francisco,California,94107,West,PROD-6835,Furniture,Tables,IKEA Bekant Desk,1225.0,7,0.3,76.7
ORD-2025-10163,2025-07-15,2025-07-19,Same Day,CUST-1002,Linda Martinez,Home Office,United States,Boston,Massachusetts,02215,East,PROD-4843,Furniture,Chairs,Herman Miller Aeron,2975.0,5,0.3,87.86
ORD-2025-10164,2025-04-25,2025-04-26,First Class,CUST-1008,Jessica Taylor,Home Office,United States,Charlotte,North Carolina,28205,South,PROD-6835,Furniture,Tables,IKEA Bekant Desk,800.0,4,0.2,176.73
ORD-2025-10165,2025-04-07,2025-04-08,Standard Class,CUST-1011,Robert Jackson,Corporate,United States,Los Angeles,California,90036,West,PROD-3776,Technology,Phones,Apple iPhone 14,3995.0,5,0.0,1330.47
ORD-2025-10166,2025-12-11,2025-12-12,Second Class,CUST-1012,Olivia White,Consumer,United States,Atlanta,Georgia,30318,South,PROD-6295,Technology,Accessories,Logitech MX Master 3,168.3,2,0.15,42.55
ORD-2025-10167,2025-12-13,2025-12-16,Second Class,CUST-1005,Michael Brown,Consumer,United States,Philadelphia,Pennsylvania,19104,East,PROD-5440,Furniture,Bookcases,IKEA Billy Bookcase,422.75,5,0.05,113.96
ORD-2025-10168,2025-08-07,2025-08-08,First Class,CUST-1011,Robert Jackson,Home Office,United States,Charlotte,North Carolina,28205,South,PROD-5593,Furniture,Furnishings,Anti-Fatigue Standing Mat,68.0,2,0.15,15.48
ORD-2025-10169,2025-10-03,2025-10-05,First Class,CUST-1012,Olivia White,Consumer,United States,Miami,Florida,33180,South,PROD-3307,Office Supplies,Art,Acrylic Paint Set,133.0,5,0.05,40.84
ORD-2025-10170,2025-12-19,2025-12-20,Same Day,CUST-1006,Emily Davis,Consumer,United States,New York City,New York,10024,East,PROD-7425,Furniture,Furnishings,Desk Organizer,125.0,5,0.0,33.62
ORD-2025-10171,2025-04-07,2025-04-12,Second Class,CUST-1008,Jessica Taylor,Consumer,United States,Houston,Texas,77070,Central,PROD-6295,Technology,Accessories,Logitech MX Master 3,594.0,6,0.0,170.39
ORD-2025-10172,2025-05-05,2025-05-07,Same Day,CUST-1004,Sarah Williams,Home Office,United States,Houston,Texas,77070,Central,PROD-7425,Furniture,Furnishings,Desk Organizer,90.0,6,0.4,-11.54
ORD-2025-10173,2025-09-12,2025-09-16,First Class,CUST-1004,Sarah Williams,Corporate,United States,Houston,Texas,77070,Central,PROD-3089,Technology,Accessories,Sony WH-1000XM5,349.0,2,0.5,-100.71
ORD-2025-10174,2025-11-15,2025-11-20,Second Class,CUST-1008,Jessica Taylor,Home Office,United States,Houston,Texas,77070,Central,PROD-5593,Furniture,Furnishings,Anti-Fatigue Standing Mat,40.0,2,0.5,-10.21
ORD-2025-10175,2025-10-05,2025-10-06,Standard Class,CUST-1002,Linda Martinez,Home Office,United States,Los Angeles,California,90036,West,PROD-8765,Furniture,Tables,Conference Table,1500.0,2,0.0,440.89
ORD-2025-10176,2025-11-25,2025-11-28,Standard Class,CUST-1010,Sophia Thomas,Home Office,United States,Charlotte,North Carolina,28205,South,PROD-4843,Furniture,Chairs,Herman Miller Aeron,2975.0,5,0.3,417.45
ORD-2025-10177,2025-09-29,2025-10-04,First Class,CUST-1001,Alex Johnson,Home Office,United States,Miami,Florida,33180,South,PROD-8403,Technology,Phones,Google Pixel 7,1078.2,2,0.1,324.91
ORD-2025-10178,2025-11-12,2025-11-15,Same Day,CUST-1002,Linda Martinez,Corporate,United States,Atlanta,Georgia,30318,South,PROD-7862,Office Supplies,Binders,Heavy Duty 3-Ring Binder,25.5,3,0.0,7.7
ORD-2025-10179,2025-11-29,2025-11-30,Same Day,CUST-1007,James Wilson,Corporate,United States,Miami,Florida,33180,South,PROD-8408,Office Supplies,Paper,Multipurpose Copy Paper 500 Sheets,7.2,1,0.4,-1.52
ORD-2025-10180,2025-11-27,2025-12-02,Standard Class,CUST-1009,Daniel Anderson,Consumer,United States,New York City,New York,10024,East,PROD-8134,Office Supplies,Appliances,Microwave Oven 900W,330.0,3,0.0,86.25
ORD-2025-10181,2025-12-17,2025-12-22,Standard Class,CUST-1003,David Smith,Corporate,United States,Los Angeles,California,90036,West,PROD-5691,Office Supplies,Binders,Clear View Presentation Binder,5.1,1,0.15,1.35
ORD-2025-10182,2025-05-04,2025-05-08,First Class,CUST-1007,James Wilson,Home Office,United States,Boston,Massachusetts,02215,East,PROD-6219,Office Supplies,Paper,Cardstock Heavy Weight,22.0,1,0.0,7.36
ORD-2025-10183,2025-12-15,2025-12-20,Same Day,CUST-1006,Emily Davis,Consumer,United States,Houston,Texas,77070,Central,PROD-6532,Furniture,Tables,Solid Oak Dining Table,2100.0,5,0.3,-5.86
ORD-2025-10184,2025-12-05,2025-12-10,First Class,CUST-1004,Sarah Williams,Home Office,United States,Los Angeles,California,90036,West,PROD-6532,Furniture,Tables,Solid Oak Dining Table,3420.0,6,0.05,860.59
ORD-2025-10185,2025-06-12,2025-06-13,Standard Class,CUST-1005,Michael Brown,Corporate,United States,Houston,Texas,77070,Central,PROD-6295,Technology,Accessories,Logitech MX Master 3,138.6,2,0.3,3.32
ORD-2025-10186,2025-10-09,2025-10-12,Standard Class,CUST-1010,Sophia Thomas,Home Office,United States,Houston,Texas,77070,Central,PROD-8774,Technology,Machines,Epson EcoTank,920.0,4,0.0,290.78
ORD-2025-10187,2025-05-05,2025-05-07,Same Day,CUST-1003,David Smith,Consumer,United States,Houston,Texas,77070,Central,PROD-1464,Furniture,Furnishings,Floor Lamp LED,52.25,1,0.05,15.78
ORD-2025-10188,2025-09-05,2025-09-08,First Class,CUST-1004,Sarah Williams,Home Office,United States,Charlotte,North Carolina,28205,South,PROD-5691,Office Supplies,Binders,Clear View Presentation Binder,5.7,1,0.05,1.83
ORD-2025-10189,2025-12-16,2025-12-20,First Class,CUST-1008,Jessica Taylor,Corporate,United States,Charlotte,North Carolina,28205,South,PROD-5691,Office Supplies,Binders,Clear View Presentation Binder,16.2,3,0.1,4.11
ORD-2025-10190,2025-04-01,2025-04-04,First Class,CUST-1012,Olivia White,Home Office,United States,Charlotte,North Carolina,28205,South,PROD-8774,Technology,Machines,Epson EcoTank,483.0,3,0.3,31.22
ORD-2025-10191,2025-12-06,2025-12-08,Standard Class,CUST-1012,Olivia White,Corporate,United States,Philadelphia,Pennsylvania,19104,East,PROD-9359,Furniture,Chairs,Steelcase Gesture,2808.0,6,0.4,-97.7
ORD-2025-10192,2025-12-21,2025-12-23,Same Day,CUST-1007,James Wilson,Consumer,United States,Charlotte,North Carolina,28205,South,PROD-7425,Furniture,Furnishings,Desk Organizer,87.5,5,0.3,2.31
ORD-2025-10193,2025-07-04,2025-07-09,Standard Class,CUST-1002,Linda Martinez,Consumer,United States,Chicago,Illinois,60653,Central,PROD-4831,Office Supplies,Appliances,Compact Refrigerator,630.0,5,0.3,45.23
ORD-2025-10194,2025-10-10,2025-10-13,Second Class,CUST-1009,Daniel Anderson,Home Office,United States,Philadelphia,Pennsylvania,19104,East,PROD-5593,Furniture,Furnishings,Anti-Fatigue Standing Mat,266.0,7,0.05,83.51
ORD-2025-10195,2025-01-13,2025-01-16,Same Day,CUST-1002,Linda Martinez,Consumer,United States,Philadelphia,Pennsylvania,19104,East,PROD-2095,Furniture,Bookcases,Industrial Wood Bookshelf,1197.0,7,0.1,295.04
ORD-2025-10196,2025-06-28,2025-07-02,Same Day,CUST-1006,Emily Davis,Consumer,United States,Chicago,Illinois,60653,Central,PROD-8408,Office Supplies,Paper,Multipurpose Copy Paper 500 Sheets,67.2,7,0.2,8.27
ORD-2025-10197,2025-03-26,2025-03-28,Second Class,CUST-1009,Daniel Anderson,Consumer,United States,Detroit,Michigan,48201,Central,PROD-1464,Furniture,Furnishings,Floor Lamp LED,269.5,7,0.3,27.74
ORD-2025-10198,2025-12-03,2025-12-04,Second Class,CUST-1008,Jessica Taylor,Home Office,United States,Atlanta,Georgia,30318,South,PROD-6295,Technology,Accessories,Logitech MX Master 3,297.0,3,0.0,93.08
ORD-2025-10199,2025-11-08,2025-11-10,Same Day,CUST-1002,Linda Martinez,Corporate,United States,Charlotte,North Carolina,28205,South,PROD-6703,Office Supplies,Storage,Archive Box Pack of 10,112.0,5,0.3,1.91
ORD-2025-10200,2025-06-28,2025-07-02,Second Class,CUST-1011,Robert Jackson,Home Office,United States,Detroit,Michigan,48201,Central,PROD-8408,Office Supplies,Paper,Multipurpose Copy Paper 500 Sheets,28.8,3,0.2,6.21
ORD-2025-10201,2025-11-16,2025-11-20,Second Class,CUST-1010,Sophia Thomas,Corporate,United States,Miami,Florida,33180,South,PROD-8765,Furniture,Tables,Conference Table,900.0,2,0.4,-64.99
ORD-2025-10202,2025-11-24,2025-11-29,Standard Class,CUST-1006,Emily Davis,Consumer,United States,Miami,Florida,33180,South,PROD-5986,Technology,Copiers,Xerox Phaser,1248.0,4,0.4,-129.68
ORD-2025-10203,2025-08-16,2025-08-17,Standard Class,CUST-1004,Sarah Williams,Corporate,United States,San Francisco,California,94107,West,PROD-8011,Technology,Machines,HP LaserJet Pro,1176.0,7,0.4,-166.3
ORD-2025-10204,2025-09-11,2025-09-12,Standard Class,CUST-1005,Michael Brown,Home Office,United States,Detroit,Michigan,48201,Central,PROD-8073,Technology,Copiers,Canon ImageCLASS,1800.0,4,0.0,543.51
ORD-2025-10205,2025-10-02,2025-10-06,First Class,CUST-1006,Emily Davis,Consumer,United States,Miami,Florida,33180,South,PROD-3089,Technology,Accessories,Sony WH-1000XM5,1396.0,5,0.2,123.62
ORD-2025-10206,2025-11-09,2025-11-11,Second Class,CUST-1004,Sarah Williams,Consumer,United States,Seattle,Washington,98101,West,PROD-5440,Furniture,Bookcases,IKEA Billy Bookcase,226.95,3,0.15,55.16
ORD-2025-10207,2025-05-17,2025-05-22,Standard Class,CUST-1003,David Smith,Corporate,United States,San Francisco,California,94107,West,PROD-7862,Office Supplies,Binders,Heavy Duty 3-Ring Binder,16.15,2,0.05,4.14
ORD-2025-10208,2025-05-07,2025-05-11,Same Day,CUST-1003,David Smith,Home Office,United States,Detroit,Michigan,48201,Central,PROD-5593,Furniture,Furnishings,Anti-Fatigue Standing Mat,40.0,1,0.0,11.5
ORD-2025-10209,2025-12-22,2025-12-25,Same Day,CUST-1008,Jessica Taylor,Corporate,United States,Seattle,Washington,98101,West,PROD-5986,Technology,Copiers,Xerox Phaser,3640.0,7,0.0,1021.56
ORD-2025-10210,2025-11-21,2025-11-23,Same Day,CUST-1005,Michael Brown,Corporate,United States,Houston,Texas,77070,Central,PROD-4831,Office Supplies,Appliances,Compact Refrigerator,540.0,5,0.4,-120.71
ORD-2025-10211,2025-12-17,2025-12-21,Standard Class,CUST-1002,Linda Martinez,Consumer,United States,Atlanta,Georgia,30318,South,PROD-8073,Technology,Copiers,Canon ImageCLASS,2565.0,6,0.05,587.73
ORD-2025-10212,2025-11-02,2025-11-03,First Class,CUST-1005,Michael Brown,Consumer,United States,Detroit,Michigan,48201,Central,PROD-7862,Office Supplies,Binders,Heavy Duty 3-Ring Binder,28.9,4,0.15,4.65
ORD-2025-10213,2025-08-08,2025-08-09,Standard Class,CUST-1004,Sarah Williams,Corporate,United States,Los Angeles,California,90036,West,PROD-5691,Office Supplies,Binders,Clear View Presentation Binder,6.0,1,0.0,1.77
ORD-2025-10214,2025-03-03,2025-03-07,Second Class,CUST-1008,Jessica Taylor,Consumer,United States,Philadelphia,Pennsylvania,19104,East,PROD-3776,Technology,Phones,Apple iPhone 14,1917.6,3,0.2,162.64
ORD-2025-10215,2025-03-12,2025-03-14,Second Class,CUST-1002,Linda Martinez,Home Office,United States,Seattle,Washington,98101,West,PROD-5691,Office Supplies,Binders,Clear View Presentation Binder,16.2,3,0.1,3.7
ORD-2025-10216,2025-03-19,2025-03-24,Same Day,CUST-1004,Sarah Williams,Consumer,United States,Los Angeles,California,90036,West,PROD-5986,Technology,Copiers,Xerox Phaser,1664.0,4,0.2,169.18
ORD-2025-10217,2025-10-08,2025-10-10,First Class,CUST-1012,Olivia White,Consumer,United States,Chicago,Illinois,60653,Central,PROD-2439,Office Supplies,Appliances,Electric Kettle,56.0,2,0.2,5.77
ORD-2025-10218,2025-05-03,2025-05-04,Second Class,CUST-1008,Jessica Taylor,Home Office,United States,Seattle,Washington,98101,West,PROD-8774,Technology,Machines,Epson EcoTank,322.0,2,0.3,-13.4
ORD-2025-10219,2025-10-19,2025-10-24,Second Class,CUST-1008,Jessica Taylor,Consumer,United States,Seattle,Washington,98101,West,PROD-4966,Technology,Phones,Samsung Galaxy S23,1398.0,2,0.0,365.74
ORD-2025-10220,2025-07-23,2025-07-28,Same Day,CUST-1007,James Wilson,Home Office,United States,Miami,Florida,33180,South,PROD-2439,Office Supplies,Appliances,Electric Kettle,166.25,5,0.05,53.97
ORD-2025-10221,2025-10-24,2025-10-26,First Class,CUST-1007,James Wilson,Home Office,United States,San Francisco,California,94107,West,PROD-5836,Office Supplies,Art,Faber-Castell Color Pencils,16.2,1,0.1,5.17
ORD-2025-10222,2025-12-15,2025-12-20,Standard Class,CUST-1005,Michael Brown,Home Office,United States,New York City,New York,10024,East,PROD-3089,Technology,Accessories,Sony WH-1000XM5,331.55,1,0.05,96.16
ORD-2025-10223,2025-06-27,2025-06-30,Second Class,CUST-1006,Emily Davis,Consumer,United States,Detroit,Michigan,48201,Central,PROD-4966,Technology,Phones,Samsung Galaxy S23,3914.4,7,0.2,785.61
ORD-2025-10224,2025-10-23,2025-10-27,Same Day,CUST-1009,Daniel Anderson,Corporate,United States,San Francisco,California,94107,West,PROD-5691,Office Supplies,Binders,Clear View Presentation Binder,10.2,2,0.15,1.61
ORD-2025-10225,2025-10-21,2025-10-22,Second Class,CUST-1012,Olivia White,Home Office,United States,Los Angeles,California,90036,West,PROD-6295,Technology,Accessories,Logitech MX Master 3,316.8,4,0.2,56.45
ORD-2025-10226,2025-10-02,2025-10-07,Same Day,CUST-1004,Sarah Williams,Corporate,United States,Philadelphia,Pennsylvania,19104,East,PROD-6703,Office Supplies,Storage,Archive Box Pack of 10,224.0,7,0.0,70.4
ORD-2025-10227,2025-03-03,2025-03-04,Second Class,CUST-1004,Sarah Williams,Home Office,United States,San Francisco,California,94107,West,PROD-5986,Technology,Copiers,Xerox Phaser,3094.0,7,0.15,731.29
ORD-2025-10228,2025-10-11,2025-10-14,Second Class,CUST-1005,Michael Brown,Home Office,United States,Detroit,Michigan,48201,Central,PROD-5691,Office Supplies,Binders,Clear View Presentation Binder,10.8,3,0.4,-2.09
ORD-2025-10229,2025-10-07,2025-10-09,Second Class,CUST-1001,Alex Johnson,Corporate,United States,Los Angeles,California,90036,West,PROD-1086,Office Supplies,Storage,Plastic Storage Bin 50L,72.0,3,0.0,20.6
ORD-2025-10230,2025-07-12,2025-07-15,Standard Class,CUST-1004,Sarah Williams,Home Office,United States,Philadelphia,Pennsylvania,19104,East,PROD-4843,Furniture,Chairs,Herman Miller Aeron,4335.0,6,0.15,1203.83
ORD-2025-10231,2025-04-29,2025-05-04,Same Day,CUST-1012,Olivia White,Corporate,United States,Charlotte,North Carolina,28205,South,PROD-8403,Technology,Phones,Google Pixel 7,838.6,2,0.3,106.35
ORD-2025-10232,2025-12-21,2025-12-23,Second Class,CUST-1005,Michael Brown,Corporate,United States,Houston,Texas,77070,Central,PROD-6703,Office Supplies,Storage,Archive Box Pack of 10,89.6,4,0.3,10.19
ORD-2025-10233,2025-10-11,2025-10-13,Same Day,CUST-1008,Jessica Taylor,Corporate,United States,Miami,Florida,33180,South,PROD-1086,Office Supplies,Storage,Plastic Storage Bin 50L,81.6,4,0.15,17.33
ORD-2025-10234,2025-12-24,2025-12-27,Standard Class,CUST-1004,Sarah Williams,Corporate,United States,New York City,New York,10024,East,PROD-5691,Office Supplies,Binders,Clear View Presentation Binder,24.0,4,0.0,7.16
ORD-2025-10235,2025-05-14,2025-05-16,Standard Class,CUST-1007,James Wilson,Corporate,United States,New York City,New York,10024,East,PROD-4843,Furniture,Chairs,Herman Miller Aeron,850.0,1,0.0,332.14
ORD-2025-10236,2025-11-18,2025-11-21,Standard Class,CUST-1010,Sophia Thomas,Home Office,United States,Chicago,Illinois,60653,Central,PROD-3776,Technology,Phones,Apple iPhone 14,2876.4,6,0.4,-66.14
ORD-2025-10237,2025-11-26,2025-11-27,Second Class,CUST-1010,Sophia Thomas,Corporate,United States,Atlanta,Georgia,30318,South,PROD-5986,Technology,Copiers,Xerox Phaser,832.0,2,0.2,174.5
ORD-2025-10238,2025-11-24,2025-11-26,Standard Class,CUST-1010,Sophia Thomas,Home Office,United States,Boston,Massachusetts,02215,East,PROD-5593,Furniture,Furnishings,Anti-Fatigue Standing Mat,120.0,5,0.4,-1.83
ORD-2025-10239,2025-05-24,2025-05-28,Second Class,CUST-1011,Robert Jackson,Home Office,United States,Boston,Massachusetts,02215,East,PROD-6219,Office Supplies,Paper,Cardstock Heavy Weight,123.2,7,0.2,19.72
ORD-2025-10240,2025-12-09,2025-12-14,First Class,CUST-1007,James Wilson,Corporate,United States,New York City,New York,10024,East,PROD-6835,Furniture,Tables,IKEA Bekant Desk,1487.5,7,0.15,422.12
ORD-2025-10241,2025-08-30,2025-09-04,Second Class,CUST-1003,David Smith,Consumer,United States,Boston,Massachusetts,02215,East,PROD-6301,Technology,Machines,Brother HL-L2350DW,1120.0,7,0.0,319.64
ORD-2025-10242,2025-04-23,2025-04-27,First Class,CUST-1003,David Smith,Consumer,United States,Boston,Massachusetts,02215,East,PROD-5440,Furniture,Bookcases,IKEA Billy Bookcase,427.2,6,0.2,30.9
ORD-2025-10243,2025-10-22,2025-10-26,First Class,CUST-1003,David Smith,Corporate,United States,Los Angeles,California,90036,West,PROD-3089,Technology,Accessories,Sony WH-1000XM5,698.0,2,0.0,224.08
ORD-2025-10244,2025-12-15,2025-12-17,Second Class,CUST-1006,Emily Davis,Home Office,United States,Philadelphia,Pennsylvania,19104,East,PROD-3776,Technology,Phones,Apple iPhone 14,3795.25,5,0.05,934.21
ORD-2025-10245,2025-09-27,2025-09-28,First Class,CUST-1012,Olivia White,Home Office,United States,Charlotte,North Carolina,28205,South,PROD-8774,Technology,Machines,Epson EcoTank,655.5,3,0.05,140.5
ORD-2025-10246,2025-08-12,2025-08-16,First Class,CUST-1003,David Smith,Home Office,United States,Chicago,Illinois,60653,Central,PROD-4831,Office Supplies,Appliances,Compact Refrigerator,612.0,4,0.15,148.19
ORD-2025-10247,2025-04-01,2025-04-06,Same Day,CUST-1010,Sophia Thomas,Consumer,United States,Boston,Massachusetts,02215,East,PROD-8765,Furniture,Tables,Conference Table,3750.0,5,0.0,973.11
ORD-2025-10248,2025-10-07,2025-10-09,First Class,CUST-1006,Emily Davis,Consumer,United States,Seattle,Washington,98101,West,PROD-6703,Office Supplies,Storage,Archive Box Pack of 10,27.2,1,0.15,6.99
ORD-2025-10249,2025-10-30,2025-10-31,Standard Class,CUST-1001,Alex Johnson,Corporate,United States,Charlotte,North Carolina,28205,South,PROD-6532,Furniture,Tables,Solid Oak Dining Table,1680.0,4,0.3,113.56
ORD-2025-10250,2025-11-28,2025-12-03,Second Class,CUST-1003,David Smith,Corporate,United States,Los Angeles,California,90036,West,PROD-9359,Furniture,Chairs,Steelcase Gesture,2340.0,3,0.0,909.96
ORD-2025-10251,2025-03-29,2025-03-31,Standard Class,CUST-1009,Daniel Anderson,Consumer,United States,Detroit,Michigan,48201,Central,PROD-5836,Office Supplies,Art,Faber-Castell Color Pencils,68.4,4,0.05,20.51
ORD-2025-10252,2025-10-24,2025-10-26,Same Day,CUST-1012,Olivia White,Home Office,United States,Detroit,Michigan,48201,Central,PROD-5440,Furniture,Bookcases,IKEA Billy Bookcase,44.5,1,0.5,-10.95
ORD-2025-10253,2025-10-09,2025-10-12,Same Day,CUST-1004,Sarah Williams,Consumer,United States,Los Angeles,California,90036,West,PROD-8011,Technology,Machines,HP LaserJet Pro,1120.0,4,0.0,396.2
ORD-2025-10254,2025-07-23,2025-07-26,Standard Class,CUST-1011,Robert Jackson,Home Office,United States,Miami,Florida,33180,South,PROD-5593,Furniture,Furnishings,Anti-Fatigue Standing Mat,48.0,2,0.4,-0.54
ORD-2025-10255,2025-08-14,2025-08-16,First Class,CUST-1010,Sophia Thomas,Consumer,United States,Boston,Massachusetts,02215,East,PROD-8408,Office Supplies,Paper,Multipurpose Copy Paper 500 Sheets,57.6,6,0.2,5.67
ORD-2025-10256,2025-07-31,2025-08-05,Second Class,CUST-1009,Daniel Anderson,Consumer,United States,Charlotte,North Carolina,28205,South,PROD-7425,Furniture,Furnishings,Desk Organizer,30.0,2,0.4,-2.24
ORD-2025-10257,2025-07-22,2025-07-23,Second Class,CUST-1002,Linda Martinez,Corporate,United States,New York City,New York,10024,East,PROD-6295,Technology,Accessories,Logitech MX Master 3,69.3,1,0.3,8.74
ORD-2025-10258,2025-12-16,2025-12-18,First Class,CUST-1006,Emily Davis,Home Office,United States,Los Angeles,California,90036,West,PROD-7425,Furniture,Furnishings,Desk Organizer,63.75,3,0.15,12.9
ORD-2025-10259,2025-01-07,2025-01-12,Same Day,CUST-1002,Linda Martinez,Corporate,United States,New York City,New York,10024,East,PROD-2439,Office Supplies,Appliances,Electric Kettle,245.0,7,0.0,64.01
ORD-2025-10260,2025-10-16,2025-10-19,First Class,CUST-1007,James Wilson,Corporate,United States,Charlotte,North Carolina,28205,South,PROD-1464,Furniture,Furnishings,Floor Lamp LED,93.5,2,0.15,20.85
ORD-2025-10261,2025-11-13,2025-11-17,Standard Class,CUST-1007,James Wilson,Corporate,United States,New York City,New York,10024,East,PROD-3307,Office Supplies,Art,Acrylic Paint Set,84.0,3,0.0,29.34
ORD-2025-10262,2025-11-29,2025-11-30,Second Class,CUST-1003,David Smith,Corporate,United States,Atlanta,Georgia,30318,South,PROD-7425,Furniture,Furnishings,Desk Organizer,150.0,6,0.0,55.77
ORD-2025-10263,2025-04-19,2025-04-23,Same Day,CUST-1009,Daniel Anderson,Corporate,United States,Seattle,Washington,98101,West,PROD-4966,Technology,Phones,Samsung Galaxy S23,2935.8,6,0.3,334.06
ORD-2025-10264,2025-09-26,2025-09-27,Second Class,CUST-1004,Sarah Williams,Consumer,United States,Los Angeles,California,90036,West,PROD-8073,Technology,Copiers,Canon ImageCLASS,1215.0,3,0.1,349.52
ORD-2025-10265,2025-08-26,2025-08-27,Standard Class,CUST-1004,Sarah Williams,Corporate,United States,Charlotte,North Carolina,28205,South,PROD-6532,Furniture,Tables,Solid Oak Dining Table,2400.0,5,0.2,445.09
ORD-2025-10266,2025-05-13,2025-05-14,First Class,CUST-1001,Alex Johnson,Corporate,United States,Los Angeles,California,90036,West,PROD-7862,Office Supplies,Binders,Heavy Duty 3-Ring Binder,45.9,6,0.1,10.12
ORD-2025-10267,2025-05-18,2025-05-23,Standard Class,CUST-1011,Robert Jackson,Consumer,United States,Miami,Florida,33180,South,PROD-7862,Office Supplies,Binders,Heavy Duty 3-Ring Binder,14.45,2,0.15,2.7
ORD-2025-10268,2025-06-06,2025-06-09,Same Day,CUST-1007,James Wilson,Corporate,United States,Atlanta,Georgia,30318,South,PROD-5986,Technology,Copiers,Xerox Phaser,2184.0,6,0.3,38.46
ORD-2025-10269,2025-01-04,2025-01-07,First Class,CUST-1005,Michael Brown,Home Office,United States,San Francisco,California,94107,West,PROD-8774,Technology,Machines,Epson EcoTank,1104.0,6,0.2,97.67
ORD-2025-10270,2025-05-14,2025-05-17,Second Class,CUST-1003,David Smith,Home Office,United States,New York City,New York,10024,East,PROD-3307,Office Supplies,Art,Acrylic Paint Set,159.6,6,0.05,40.62
ORD-2025-10271,2025-12-02,2025-12-05,First Class,CUST-1007,James Wilson,Corporate,United States,Charlotte,North Carolina,28205,South,PROD-1223,Technology,Accessories,Anker USB-C Hub,243.0,6,0.1,53.2
ORD-2025-10272,2025-11-23,2025-11-26,First Class,CUST-1003,David Smith,Home Office,United States,Philadelphia,Pennsylvania,19104,East,PROD-8073,Technology,Copiers,Canon ImageCLASS,2295.0,6,0.15,381.3
ORD-2025-10273,2025-10-14,2025-10-16,First Class,CUST-1011,Robert Jackson,Consumer,United States,Philadelphia,Pennsylvania,19104,East,PROD-8774,Technology,Machines,Epson EcoTank,1288.0,7,0.2,232.24
ORD-2025-10274,2025-10-13,2025-10-17,Standard Class,CUST-1011,Robert Jackson,Home Office,United States,San Francisco,California,94107,West,PROD-8403,Technology,Phones,Google Pixel 7,2036.6,4,0.15,450.53
ORD-2025-10275,2025-10-23,2025-10-26,Same Day,CUST-1010,Sophia Thomas,Corporate,United States,Philadelphia,Pennsylvania,19104,East,PROD-7862,Office Supplies,Binders,Heavy Duty 3-Ring Binder,27.2,4,0.2,3.58
ORD-2025-10276,2025-10-05,2025-10-06,Same Day,CUST-1005,Michael Brown,Consumer,United States,Boston,Massachusetts,02215,East,PROD-8073,Technology,Copiers,Canon ImageCLASS,630.0,2,0.3,4.48
ORD-2025-10277,2025-07-26,2025-07-30,Same Day,CUST-1001,Alex Johnson,Consumer,United States,Boston,Massachusetts,02215,East,PROD-9359,Furniture,Chairs,Steelcase Gesture,4914.0,7,0.1,1623.33
ORD-2025-10278,2025-01-03,2025-01-05,Second Class,CUST-1012,Olivia White,Corporate,United States,Chicago,Illinois,60653,Central,PROD-5986,Technology,Copiers,Xerox Phaser,1040.0,2,0.0,369.48
ORD-2025-10279,2025-05-29,2025-06-03,First Class,CUST-1007,James Wilson,Home Office,United States,Philadelphia,Pennsylvania,19104,East,PROD-5440,Furniture,Bookcases,IKEA Billy Bookcase,124.6,2,0.3,17.29
ORD-2025-10280,2025-04-25,2025-04-27,Second Class,CUST-1012,Olivia White,Consumer,United States,New York City,New York,10024,East,PROD-9359,Furniture,Chairs,Steelcase Gesture,3978.0,6,0.15,628.58
ORD-2025-10281,2025-10-04,2025-10-05,Standard Class,CUST-1001,Alex Johnson,Home Office,United States,San Francisco,California,94107,West,PROD-1464,Furniture,Furnishings,Floor Lamp LED,233.75,5,0.15,49.18
ORD-2025-10282,2025-12-24,2025-12-25,First Class,CUST-1007,James Wilson,Home Office,United States,Seattle,Washington,98101,West,PROD-1086,Office Supplies,Storage,Plastic Storage Bin 50L,96.0,4,0.0,31.03
ORD-2025-10283,2025-10-12,2025-10-13,Same Day,CUST-1004,Sarah Williams,Home Office,United States,Philadelphia,Pennsylvania,19104,East,PROD-5691,Office Supplies,Binders,Clear View Presentation Binder,25.2,6,0.3,2.01
ORD-2025-10284,2025-01-21,2025-01-23,Same Day,CUST-1006,Emily Davis,Consumer,United States,Los Angeles,California,90036,West,PROD-8408,Office Supplies,Paper,Multipurpose Copy Paper 500 Sheets,50.4,7,0.4,-1.88
ORD-2025-10285,2025-02-16,2025-02-17,Standard Class,CUST-1005,Michael Brown,Home Office,United States,Philadelphia,Pennsylvania,19104,East,PROD-2095,Furniture,Bookcases,Industrial Wood Bookshelf,190.0,1,0.0,52.82
ORD-2025-10286,2025-01-21,2025-01-24,First Class,CUST-1007,James Wilson,Home Office,United States,Los Angeles,California,90036,West,PROD-3776,Technology,Phones,Apple iPhone 14,4554.3,6,0.05,1441.56
ORD-2025-10287,2025-08-13,2025-08-16,Standard Class,CUST-1006,Emily Davis,Corporate,United States,New York City,New York,10024,East,PROD-5593,Furniture,Furnishings,Anti-Fatigue Standing Mat,84.0,3,0.3,-0.42
ORD-2025-10288,2025-09-02,2025-09-04,Standard Class,CUST-1003,David Smith,Home Office,United States,Los Angeles,California,90036,West,PROD-5986,Technology,Copiers,Xerox Phaser,2184.0,7,0.4,-98.97
ORD-2025-10289,2025-07-14,2025-07-19,Standard Class,CUST-1011,Robert Jackson,Home Office,United States,Philadelphia,Pennsylvania,19104,East,PROD-9359,Furniture,Chairs,Steelcase Gesture,3120.0,4,0.0,1218.36
ORD-2025-10290,2025-12-27,2026-01-01,Second Class,CUST-1011,Robert Jackson,Corporate,United States,San Francisco,California,94107,West,PROD-5691,Office Supplies,Binders,Clear View Presentation Binder,12.6,3,0.3,1.4
ORD-2025-10291,2025-10-13,2025-10-18,Standard Class,CUST-1001,Alex Johnson,Home Office,United States,Boston,Massachusetts,02215,East,PROD-1464,Furniture,Furnishings,Floor Lamp LED,33.0,1,0.4,-2.65
ORD-2025-10292,2025-06-19,2025-06-20,Second Class,CUST-1009,Daniel Anderson,Home Office,United States,Atlanta,Georgia,30318,South,PROD-4966,Technology,Phones,Samsung Galaxy S23,1677.6,4,0.4,-36.92
ORD-2025-10293,2025-09-13,2025-09-14,Same Day,CUST-1012,Olivia White,Home Office,United States,Los Angeles,California,90036,West,PROD-1464,Furniture,Furnishings,Floor Lamp LED,275.0,5,0.0,75.93
ORD-2025-10294,2025-11-06,2025-11-09,Second Class,CUST-1011,Robert Jackson,Home Office,United States,Atlanta,Georgia,30318,South,PROD-4843,Furniture,Chairs,Herman Miller Aeron,3570.0,7,0.4,-296.29
ORD-2025-10295,2025-11-14,2025-11-17,Same Day,CUST-1002,Linda Martinez,Consumer,United States,New York City,New York,10024,East,PROD-2095,Furniture,Bookcases,Industrial Wood Bookshelf,760.0,5,0.2,89.95
ORD-2025-10296,2025-01-24,2025-01-28,Second Class,CUST-1012,Olivia White,Home Office,United States,Miami,Florida,33180,South,PROD-6835,Furniture,Tables,IKEA Bekant Desk,175.0,1,0.3,16.92
ORD-2025-10297,2025-04-08,2025-04-09,Same Day,CUST-1001,Alex Johnson,Home Office,United States,San Francisco,California,94107,West,PROD-6532,Furniture,Tables,Solid Oak Dining Table,600.0,1,0.0,190.21
ORD-2025-10298,2025-08-10,2025-08-14,Second Class,CUST-1012,Olivia White,Home Office,United States,Boston,Massachusetts,02215,East,PROD-4966,Technology,Phones,Samsung Galaxy S23,3355.2,6,0.2,521.66
ORD-2025-10299,2025-07-16,2025-07-21,Second Class,CUST-1005,Michael Brown,Corporate,United States,Houston,Texas,77070,Central,PROD-6835,Furniture,Tables,IKEA Bekant Desk,850.0,4,0.15,167.83
ORD-2025-10300,2025-06-10,2025-06-15,Second Class,CUST-1004,Sarah Williams,Consumer,United States,Detroit,Michigan,48201,Central,PROD-8765,Furniture,Tables,Conference Table,4275.0,6,0.05,1106.34
ORD-2025-10301,2025-06-15,2025-06-18,Same Day,CUST-1010,Sophia Thomas,Home Office,United States,Charlotte,North Carolina,28205,South,PROD-8134,Office Supplies,Appliances,Microwave Oven 900W,539.0,7,0.3,-16.36
ORD-2025-10302,2025-11-15,2025-11-17,Standard Class,CUST-1011,Robert Jackson,Consumer,United States,Philadelphia,Pennsylvania,19104,East,PROD-6301,Technology,Machines,Brother HL-L2350DW,456.0,3,0.05,107.56
ORD-2025-10303,2025-12-20,2025-12-22,Standard Class,CUST-1006,Emily Davis,Corporate,United States,Seattle,Washington,98101,West,PROD-4831,Office Supplies,Appliances,Compact Refrigerator,756.0,6,0.3,69.51
ORD-2025-10304,2025-12-22,2025-12-23,Same Day,CUST-1007,James Wilson,Corporate,United States,Detroit,Michigan,48201,Central,PROD-8403,Technology,Phones,Google Pixel 7,1617.3,3,0.1,328.6
ORD-2025-10305,2025-08-15,2025-08-18,Second Class,CUST-1012,Olivia White,Consumer,United States,Houston,Texas,77070,Central,PROD-3776,Technology,Phones,Apple iPhone 14,799.0,2,0.5,-226.7
ORD-2025-10306,2025-12-11,2025-12-14,Standard Class,CUST-1006,Emily Davis,Corporate,United States,New York City,New York,10024,East,PROD-6301,Technology,Machines,Brother HL-L2350DW,136.0,1,0.15,28.23
ORD-2025-10307,2025-10-21,2025-10-22,First Class,CUST-1009,Daniel Anderson,Consumer,United States,Boston,Massachusetts,02215,East,PROD-1223,Technology,Accessories,Anker USB-C Hub,157.5,5,0.3,19.4
ORD-2025-10308,2025-04-24,2025-04-27,First Class,CUST-1006,Emily Davis,Corporate,United States,Boston,Massachusetts,02215,East,PROD-5836,Office Supplies,Art,Faber-Castell Color Pencils,14.4,1,0.2,2.4
ORD-2025-10309,2025-11-25,2025-11-30,Second Class,CUST-1001,Alex Johnson,Home Office,United States,Houston,Texas,77070,Central,PROD-5986,Technology,Copiers,Xerox Phaser,1560.0,5,0.4,-200.58
ORD-2025-10310,2025-09-18,2025-09-19,First Class,CUST-1011,Robert Jackson,Consumer,United States,Detroit,Michigan,48201,Central,PROD-3776,Technology,Phones,Apple iPhone 14,5593.0,7,0.0,2060.36
ORD-2025-10311,2025-11-19,2025-11-23,Standard Class,CUST-1004,Sarah Williams,Home Office,United States,Charlotte,North Carolina,28205,South,PROD-6295,Technology,Accessories,Logitech MX Master 3,316.8,4,0.2,76.95
ORD-2025-10312,2025-10-30,2025-11-04,Standard Class,CUST-1010,Sophia Thomas,Consumer,United States,Houston,Texas,77070,Central,PROD-7425,Furniture,Furnishings,Desk Organizer,50.0,4,0.5,-20.1
ORD-2025-10313,2025-12-29,2026-01-03,Standard Class,CUST-1012,Olivia White,Home Office,United States,Seattle,Washington,98101,West,PROD-6301,Technology,Machines,Brother HL-L2350DW,136.0,1,0.15,21.11
ORD-2025-10314,2025-06-04,2025-06-07,Same Day,CUST-1007,James Wilson,Corporate,United States,San Francisco,California,94107,West,PROD-6295,Technology,Accessories,Logitech MX Master 3,415.8,6,0.3,-11.59
ORD-2025-10315,2025-12-18,2025-12-20,First Class,CUST-1011,Robert Jackson,Home Office,United States,Chicago,Illinois,60653,Central,PROD-4831,Office Supplies,Appliances,Compact Refrigerator,90.0,1,0.5,-32.5
ORD-2025-10316,2025-12-31,2026-01-03,Second Class,CUST-1007,James Wilson,Home Office,United States,New York City,New York,10024,East,PROD-3089,Technology,Accessories,Sony WH-1000XM5,2076.55,7,0.15,539.54
ORD-2025-10317,2025-04-03,2025-04-08,Standard Class,CUST-1009,Daniel Anderson,Corporate,United States,San Francisco,California,94107,West,PROD-6219,Office Supplies,Paper,Cardstock Heavy Weight,19.8,1,0.1,4.21
ORD-2025-10318,2025-09-07,2025-09-10,Second Class,CUST-1011,Robert Jackson,Home Office,United States,New York City,New York,10024,East,PROD-4843,Furniture,Chairs,Herman Miller Aeron,1530.0,3,0.4,-172.37
ORD-2025-10319,2025-11-12,2025-11-17,Second Class,CUST-1010,Sophia Thomas,Home Office,United States,Houston,Texas,77070,Central,PROD-6835,Furniture,Tables,IKEA Bekant Desk,675.0,3,0.1,144.88
ORD-2025-10320,2025-11-25,2025-11-28,Second Class,CUST-1011,Robert Jackson,Home Office,United States,Houston,Texas,77070,Central,PROD-5593,Furniture,Furnishings,Anti-Fatigue Standing Mat,238.0,7,0.15,65.43
ORD-2025-10321,2025-11-27,2025-11-30,Second Class,CUST-1009,Daniel Anderson,Consumer,United States,Detroit,Michigan,48201,Central,PROD-8408,Office Supplies,Paper,Multipurpose Copy Paper 500 Sheets,12.0,1,0.0,3.76
ORD-2025-10322,2025-10-02,2025-10-07,First Class,CUST-1009,Daniel Anderson,Home Office,United States,Charlotte,North Carolina,28205,South,PROD-8774,Technology,Machines,Epson EcoTank,391.0,2,0.15,105.76
ORD-2025-10323,2025-09-14,2025-09-18,First Class,CUST-1009,Daniel Anderson,Consumer,United States,Boston,Massachusetts,02215,East,PROD-7862,Office Supplies,Binders,Heavy Duty 3-Ring Binder,32.3,4,0.05,10.99
ORD-2025-10324,2025-10-17,2025-10-19,Same Day,CUST-1006,Emily Davis,Consumer,United States,Philadelphia,Pennsylvania,19104,East,PROD-4966,Technology,Phones,Samsung Galaxy S23,1887.3,3,0.1,615.63
ORD-2025-10325,2025-04-16,2025-04-19,Same Day,CUST-1008,Jessica Taylor,Corporate,United States,Los Angeles,California,90036,West,PROD-1086,Office Supplies,Storage,Plastic Storage Bin 50L,122.4,6,0.15,17.97
ORD-2025-10326,2025-05-15,2025-05-20,Second Class,CUST-1007,James Wilson,Home Office,United States,Atlanta,Georgia,30318,South,PROD-6219,Office Supplies,Paper,Cardstock Heavy Weight,79.2,4,0.1,19.58
ORD-2025-10327,2025-06-30,2025-07-03,Same Day,CUST-1008,Jessica Taylor,Home Office,United States,Seattle,Washington,98101,West,PROD-8073,Technology,Copiers,Canon ImageCLASS,900.0,2,0.0,290.54
ORD-2025-10328,2025-10-21,2025-10-23,First Class,CUST-1010,Sophia Thomas,Home Office,United States,Seattle,Washington,98101,West,PROD-5986,Technology,Copiers,Xerox Phaser,3120.0,6,0.0,1022.65
ORD-2025-10329,2025-09-03,2025-09-08,Second Class,CUST-1011,Robert Jackson,Corporate,United States,Los Angeles,California,90036,West,PROD-3089,Technology,Accessories,Sony WH-1000XM5,1657.75,5,0.05,575.49
ORD-2025-10330,2025-12-10,2025-12-12,Standard Class,CUST-1003,David Smith,Corporate,United States,Boston,Massachusetts,02215,East,PROD-3961,Furniture,Chairs,Ergonomic Mesh Chair,918.0,6,0.15,116.54
ORD-2025-10331,2025-04-21,2025-04-25,Same Day,CUST-1003,David Smith,Consumer,United States,Charlotte,North Carolina,28205,South,PROD-3089,Technology,Accessories,Sony WH-1000XM5,1779.9,6,0.15,470.82
ORD-2025-10332,2025-11-25,2025-11-30,Standard Class,CUST-1004,Sarah Williams,Corporate,United States,Miami,Florida,33180,South,PROD-3776,Technology,Phones,Apple iPhone 14,2796.5,5,0.3,-95.79
ORD-2025-10333,2025-11-27,2025-12-02,Standard Class,CUST-1009,Daniel Anderson,Home Office,United States,Los Angeles,California,90036,West,PROD-8765,Furniture,Tables,Conference Table,3750.0,5,0.0,995.45
ORD-2025-10334,2025-12-14,2025-12-19,Same Day,CUST-1006,Emily Davis,Consumer,United States,Miami,Florida,33180,South,PROD-5593,Furniture,Furnishings,Anti-Fatigue Standing Mat,200.0,5,0.0,67.24
ORD-2025-10335,2025-05-11,2025-05-13,Standard Class,CUST-1005,Michael Brown,Home Office,United States,Atlanta,Georgia,30318,South,PROD-8403,Technology,Phones,Google Pixel 7,3594.0,6,0.0,1126.01
ORD-2025-10336,2025-03-02,2025-03-06,Second Class,CUST-1012,Olivia White,Corporate,United States,Atlanta,Georgia,30318,South,PROD-1223,Technology,Accessories,Anker USB-C Hub,229.5,6,0.15,56.92
ORD-2025-10337,2025-10-02,2025-10-05,First Class,CUST-1011,Robert Jackson,Corporate,United States,Philadelphia,Pennsylvania,19104,East,PROD-8134,Office Supplies,Appliances,Microwave Oven 900W,176.0,2,0.2,25.55
ORD-2025-10338,2025-11-06,2025-11-11,First Class,CUST-1012,Olivia White,Corporate,United States,Boston,Massachusetts,02215,East,PROD-1223,Technology,Accessories,Anker USB-C Hub,299.25,7,0.05,105.51
ORD-2025-10339,2025-09-18,2025-09-21,Standard Class,CUST-1003,David Smith,Corporate,United States,Los Angeles,California,90036,West,PROD-5986,Technology,Copiers,Xerox Phaser,520.0,1,0.0,187.48
ORD-2025-10340,2025-10-02,2025-10-06,Same Day,CUST-1010,Sophia Thomas,Home Office,United States,Detroit,Michigan,48201,Central,PROD-8408,Office Supplies,Paper,Multipurpose Copy Paper 500 Sheets,43.2,6,0.4,-2.18
ORD-2025-10341,2025-12-03,2025-12-08,First Class,CUST-1004,Sarah Williams,Consumer,United States,Boston,Massachusetts,02215,East,PROD-4966,Technology,Phones,Samsung Galaxy S23,1398.0,2,0.0,354.61
ORD-2025-10342,2025-02-14,2025-02-18,First Class,CUST-1011,Robert Jackson,Corporate,United States,Charlotte,North Carolina,28205,South,PROD-8403,Technology,Phones,Google Pixel 7,3594.0,6,0.0,942.07
ORD-2025-10343,2025-12-08,2025-12-13,First Class,CUST-1006,Emily Davis,Corporate,United States,Boston,Massachusetts,02215,East,PROD-5986,Technology,Copiers,Xerox Phaser,2600.0,5,0.0,938.17
ORD-2025-10344,2025-07-28,2025-08-02,Standard Class,CUST-1009,Daniel Anderson,Corporate,United States,Chicago,Illinois,60653,Central,PROD-6703,Office Supplies,Storage,Archive Box Pack of 10,115.2,6,0.4,-16.22
ORD-2025-10345,2025-05-05,2025-05-09,Same Day,CUST-1010,Sophia Thomas,Consumer,United States,Miami,Florida,33180,South,PROD-9359,Furniture,Chairs,Steelcase Gesture,4212.0,6,0.1,928.81
ORD-2025-10346,2025-04-28,2025-05-02,First Class,CUST-1009,Daniel Anderson,Home Office,United States,Seattle,Washington,98101,West,PROD-6532,Furniture,Tables,Solid Oak Dining Table,420.0,1,0.3,-0.63
ORD-2025-10347,2025-10-20,2025-10-24,First Class,CUST-1006,Emily Davis,Consumer,United States,Chicago,Illinois,60653,Central,PROD-5691,Office Supplies,Binders,Clear View Presentation Binder,25.2,6,0.3,-1.11
ORD-2025-10348,2025-10-29,2025-11-03,First Class,CUST-1003,David Smith,Consumer,United States,Los Angeles,California,90036,West,PROD-5836,Office Supplies,Art,Faber-Castell Color Pencils,126.0,7,0.0,34.37
ORD-2025-10349,2025-07-10,2025-07-14,First Class,CUST-1008,Jessica Taylor,Consumer,United States,Houston,Texas,77070,Central,PROD-6295,Technology,Accessories,Logitech MX Master 3,346.5,5,0.3,9.35
ORD-2025-10350,2025-12-24,2025-12-26,Same Day,CUST-1002,Linda Martinez,Home Office,United States,Atlanta,Georgia,30318,South,PROD-8408,Office Supplies,Paper,Multipurpose Copy Paper 500 Sheets,64.8,6,0.1,17.5
ORD-2025-10351,2025-12-15,2025-12-18,Second Class,CUST-1009,Daniel Anderson,Corporate,United States,Philadelphia,Pennsylvania,19104,East,PROD-2095,Furniture,Bookcases,Industrial Wood Bookshelf,228.0,2,0.4,-24.16
ORD-2025-10352,2025-08-03,2025-08-06,First Class,CUST-1007,James Wilson,Corporate,United States,Miami,Florida,33180,South,PROD-7862,Office Supplies,Binders,Heavy Duty 3-Ring Binder,59.5,7,0.0,17.37
ORD-2025-10353,2025-05-01,2025-05-05,Second Class,CUST-1003,David Smith,Home Office,United States,Philadelphia,Pennsylvania,19104,East,PROD-1223,Technology,Accessories,Anker USB-C Hub,171.0,4,0.05,36.12
ORD-2025-10354,2025-11-19,2025-11-22,Same Day,CUST-1005,Michael Brown,Corporate,United States,San Francisco,California,94107,West,PROD-6295,Technology,Accessories,Logitech MX Master 3,168.3,2,0.15,35.35
ORD-2025-10355,2025-11-09,2025-11-12,First Class,CUST-1006,Emily Davis,Home Office,United States,Houston,Texas,77070,Central,PROD-8073,Technology,Copiers,Canon ImageCLASS,1215.0,3,0.1,273.4
ORD-2025-10356,2025-11-03,2025-11-06,First Class,CUST-1011,Robert Jackson,Home Office,United States,Charlotte,North Carolina,28205,South,PROD-9359,Furniture,Chairs,Steelcase Gesture,3315.0,5,0.15,703.71
ORD-2025-10357,2025-03-16,2025-03-19,Same Day,CUST-1011,Robert Jackson,Home Office,United States,Miami,Florida,33180,South,PROD-1223,Technology,Accessories,Anker USB-C Hub,72.0,2,0.2,13.72
ORD-2025-10358,2025-05-30,2025-06-04,Same Day,CUST-1005,Michael Brown,Corporate,United States,Detroit,Michigan,48201,Central,PROD-8134,Office Supplies,Appliances,Microwave Oven 900W,352.0,4,0.2,79.75
ORD-2025-10359,2025-05-01,2025-05-02,Second Class,CUST-1003,David Smith,Corporate,United States,Los Angeles,California,90036,West,PROD-8073,Technology,Copiers,Canon ImageCLASS,315.0,1,0.3,9.63
ORD-2025-10360,2025-12-16,2025-12-18,Standard Class,CUST-1011,Robert Jackson,Corporate,United States,Chicago,Illinois,60653,Central,PROD-8774,Technology,Machines,Epson EcoTank,966.0,6,0.3,132.09
ORD-2025-10361,2025-12-06,2025-12-09,Same Day,CUST-1008,Jessica Taylor,Home Office,United States,Detroit,Michigan,48201,Central,PROD-8765,Furniture,Tables,Conference Table,3562.5,5,0.05,1055.69
ORD-2025-10362,2025-11-22,2025-11-26,First Class,CUST-1006,Emily Davis,Corporate,United States,New York City,New York,10024,East,PROD-2095,Furniture,Bookcases,Industrial Wood Bookshelf,646.0,4,0.15,172.25
ORD-2025-10363,2025-10-15,2025-10-18,First Class,CUST-1008,Jessica Taylor,Home Office,United States,Seattle,Washington,98101,West,PROD-5593,Furniture,Furnishings,Anti-Fatigue Standing Mat,28.0,1,0.3,-0.79
ORD-2025-10364,2025-09-28,2025-10-03,First Class,CUST-1004,Sarah Williams,Corporate,United States,Atlanta,Georgia,30318,South,PROD-3089,Technology,Accessories,Sony WH-1000XM5,1465.8,6,0.3,-50.81
ORD-2025-10365,2025-11-21,2025-11-23,First Class,CUST-1005,Michael Brown,Home Office,United States,Houston,Texas,77070,Central,PROD-3776,Technology,Phones,Apple iPhone 14,799.0,2,0.5,-307.87
ORD-2025-10366,2025-05-20,2025-05-24,Second Class,CUST-1006,Emily Davis,Consumer,United States,New York City,New York,10024,East,PROD-8408,Office Supplies,Paper,Multipurpose Copy Paper 500 Sheets,10.2,1,0.15,2.52
ORD-2025-10367,2025-08-13,2025-08-15,Standard Class,CUST-1003,David Smith,Consumer,United States,Miami,Florida,33180,South,PROD-5593,Furniture,Furnishings,Anti-Fatigue Standing Mat,168.0,7,0.4,-41.91
ORD-2025-10368,2025-08-26,2025-08-27,First Class,CUST-1002,Linda Martinez,Consumer,United States,San Francisco,California,94107,West,PROD-3961,Furniture,Chairs,Ergonomic Mesh Chair,684.0,4,0.05,231.24
ORD-2025-10369,2025-05-09,2025-05-10,Standard Class,CUST-1012,Olivia White,Consumer,United States,Atlanta,Georgia,30318,South,PROD-3776,Technology,Phones,Apple iPhone 14,3196.0,4,0.0,1028.57
ORD-2025-10370,2025-04-17,2025-04-20,First Class,CUST-1003,David Smith,Home Office,United States,Seattle,Washington,98101,West,PROD-4831,Office Supplies,Appliances,Compact Refrigerator,324.0,3,0.4,-51.72
ORD-2025-10371,2025-04-12,2025-04-13,Second Class,CUST-1002,Linda Martinez,Consumer,United States,Atlanta,Georgia,30318,South,PROD-1223,Technology,Accessories,Anker USB-C Hub,225.0,5,0.0,76.64
ORD-2025-10372,2025-10-03,2025-10-08,Same Day,CUST-1012,Olivia White,Home Office,United States,Philadelphia,Pennsylvania,19104,East,PROD-6295,Technology,Accessories,Logitech MX Master 3,396.0,4,0.0,117.65
ORD-2025-10373,2025-06-23,2025-06-24,Standard Class,CUST-1006,Emily Davis,Home Office,United States,Boston,Massachusetts,02215,East,PROD-8408,Office Supplies,Paper,Multipurpose Copy Paper 500 Sheets,43.2,4,0.1,12.12
ORD-2025-10374,2025-10-13,2025-10-16,Same Day,CUST-1012,Olivia White,Consumer,United States,Seattle,Washington,98101,West,PROD-5440,Furniture,Bookcases,IKEA Billy Bookcase,267.0,3,0.0,87.36
ORD-2025-10375,2025-08-13,2025-08-18,Same Day,CUST-1004,Sarah Williams,Home Office,United States,Boston,Massachusetts,02215,East,PROD-2095,Furniture,Bookcases,Industrial Wood Bookshelf,541.5,3,0.05,193.61
ORD-2025-10376,2025-03-21,2025-03-24,First Class,CUST-1008,Jessica Taylor,Consumer,United States,Charlotte,North Carolina,28205,South,PROD-8403,Technology,Phones,Google Pixel 7,3354.4,7,0.2,350.52
ORD-2025-10377,2025-10-06,2025-10-11,Same Day,CUST-1004,Sarah Williams,Home Office,United States,Charlotte,North Carolina,28205,South,PROD-8774,Technology,Machines,Epson EcoTank,736.0,4,0.2,168.76
ORD-2025-10378,2025-09-25,2025-09-26,Second Class,CUST-1003,David Smith,Consumer,United States,New York City,New York,10024,East,PROD-6835,Furniture,Tables,IKEA Bekant Desk,175.0,1,0.3,0.33
ORD-2025-10379,2025-09-27,2025-10-02,First Class,CUST-1001,Alex Johnson,Corporate,United States,Boston,Massachusetts,02215,East,PROD-8408,Office Supplies,Paper,Multipurpose Copy Paper 500 Sheets,14.4,2,0.4,-3.34
ORD-2025-10380,2025-02-10,2025-02-11,First Class,CUST-1009,Daniel Anderson,Home Office,United States,Atlanta,Georgia,30318,South,PROD-6219,Office Supplies,Paper,Cardstock Heavy Weight,110.0,5,0.0,31.88
ORD-2025-10381,2025-10-25,2025-10-30,Standard Class,CUST-1002,Linda Martinez,Home Office,United States,Boston,Massachusetts,02215,East,PROD-6835,Furniture,Tables,IKEA Bekant Desk,1125.0,5,0.1,268.12
ORD-2025-10382,2025-04-02,2025-04-07,Same Day,CUST-1012,Olivia White,Consumer,United States,Detroit,Michigan,48201,Central,PROD-1464,Furniture,Furnishings,Floor Lamp LED,104.5,2,0.05,30.17
ORD-2025-10383,2025-12-13,2025-12-17,First Class,CUST-1006,Emily Davis,Home Office,United States,Houston,Texas,77070,Central,PROD-7425,Furniture,Furnishings,Desk Organizer,67.5,3,0.1,20.09
ORD-2025-10384,2025-10-09,2025-10-12,First Class,CUST-1008,Jessica Taylor,Corporate,United States,Miami,Florida,33180,South,PROD-6219,Office Supplies,Paper,Cardstock Heavy Weight,110.0,5,0.0,35.46
ORD-2025-10385,2025-10-26,2025-10-28,First Class,CUST-1001,Alex Johnson,Home Office,United States,Detroit,Michigan,48201,Central,PROD-2439,Office Supplies,Appliances,Electric Kettle,87.5,5,0.5,-26.84
ORD-2025-10386,2025-12-11,2025-12-13,Second Class,CUST-1005,Michael Brown,Corporate,United States,Seattle,Washington,98101,West,PROD-8765,Furniture,Tables,Conference Table,600.0,1,0.2,60.8
ORD-2025-10387,2025-03-30,2025-04-04,Standard Class,CUST-1010,Sophia Thomas,Home Office,United States,Chicago,Illinois,60653,Central,PROD-8134,Office Supplies,Appliances,Microwave Oven 900W,110.0,1,0.0,38.48
ORD-2025-10388,2025-08-11,2025-08-12,Second Class,CUST-1012,Olivia White,Home Office,United States,Seattle,Washington,98101,West,PROD-5836,Office Supplies,Art,Faber-Castell Color Pencils,54.0,3,0.0,19.01
ORD-2025-10389,2025-12-01,2025-12-03,Second Class,CUST-1001,Alex Johnson,Home Office,United States,Atlanta,Georgia,30318,South,PROD-2439,Office Supplies,Appliances,Electric Kettle,31.5,1,0.1,8.23
ORD-2025-10390,2025-11-10,2025-11-11,Same Day,CUST-1010,Sophia Thomas,Home Office,United States,Seattle,Washington,98101,West,PROD-5440,Furniture,Bookcases,IKEA Billy Bookcase,249.2,4,0.3,-5.72
ORD-2025-10391,2025-03-08,2025-03-12,Second Class,CUST-1008,Jessica Taylor,Corporate,United States,Boston,Massachusetts,02215,East,PROD-4831,Office Supplies,Appliances,Compact Refrigerator,360.0,2,0.0,129.62
ORD-2025-10392,2025-12-10,2025-12-11,Standard Class,CUST-1011,Robert Jackson,Corporate,United States,Atlanta,Georgia,30318,South,PROD-6532,Furniture,Tables,Solid Oak Dining Table,1800.0,3,0.0,512.19
ORD-2025-10393,2025-03-28,2025-04-02,Same Day,CUST-1010,Sophia Thomas,Consumer,United States,Miami,Florida,33180,South,PROD-3089,Technology,Accessories,Sony WH-1000XM5,994.65,3,0.05,247.45
ORD-2025-10394,2025-10-04,2025-10-06,Second Class,CUST-1005,Michael Brown,Consumer,United States,Detroit,Michigan,48201,Central,PROD-8774,Technology,Machines,Epson EcoTank,644.0,4,0.3,63.88
ORD-2025-10395,2025-09-25,2025-09-30,Same Day,CUST-1010,Sophia Thomas,Home Office,United States,Boston,Massachusetts,02215,East,PROD-6219,Office Supplies,Paper,Cardstock Heavy Weight,110.0,5,0.0,39.78
ORD-2025-10396,2025-12-26,2025-12-31,First Class,CUST-1001,Alex Johnson,Corporate,United States,Los Angeles,California,90036,West,PROD-2095,Furniture,Bookcases,Industrial Wood Bookshelf,1330.0,7,0.0,528.19
ORD-2025-10397,2025-11-29,2025-12-03,Standard Class,CUST-1006,Emily Davis,Corporate,United States,Los Angeles,California,90036,West,PROD-8073,Technology,Copiers,Canon ImageCLASS,405.0,1,0.1,72.75
ORD-2025-10398,2025-11-17,2025-11-19,Standard Class,CUST-1006,Emily Davis,Home Office,United States,Houston,Texas,77070,Central,PROD-1086,Office Supplies,Storage,Plastic Storage Bin 50L,102.0,5,0.15,18.74
ORD-2025-10399,2025-07-18,2025-07-19,First Class,CUST-1004,Sarah Williams,Consumer,United States,Houston,Texas,77070,Central,PROD-7862,Office Supplies,Binders,Heavy Duty 3-Ring Binder,35.7,6,0.3,-0.09
ORD-2025-10400,2025-11-17,2025-11-21,Second Class,CUST-1010,Sophia Thomas,Consumer,United States,Atlanta,Georgia,30318,South,PROD-6703,Office Supplies,Storage,Archive Box Pack of 10,152.0,5,0.05,51.04
ORD-2025-10401,2025-03-12,2025-03-14,Second Class,CUST-1005,Michael Brown,Home Office,United States,Philadelphia,Pennsylvania,19104,East,PROD-1223,Technology,Accessories,Anker USB-C Hub,45.0,1,0.0,16.76
ORD-2025-10402,2025-03-16,2025-03-19,Same Day,CUST-1007,James Wilson,Corporate,United States,Charlotte,North Carolina,28205,South,PROD-1086,Office Supplies,Storage,Plastic Storage Bin 50L,151.2,7,0.1,47.71
ORD-2025-10403,2025-12-15,2025-12-20,First Class,CUST-1010,Sophia Thomas,Home Office,United States,Boston,Massachusetts,02215,East,PROD-3089,Technology,Accessories,Sony WH-1000XM5,279.2,1,0.2,65.64
ORD-2025-10404,2025-12-14,2025-12-18,First Class,CUST-1003,David Smith,Corporate,United States,Atlanta,Georgia,30318,South,PROD-6295,Technology,Accessories,Logitech MX Master 3,198.0,2,0.0,67.06
ORD-2025-10405,2025-01-08,2025-01-12,Second Class,CUST-1012,Olivia White,Home Office,United States,New York City,New York,10024,East,PROD-1223,Technology,Accessories,Anker USB-C Hub,189.0,7,0.4,-32.5
ORD-2025-10406,2025-08-23,2025-08-27,Same Day,CUST-1001,Alex Johnson,Home Office,United States,Charlotte,North Carolina,28205,South,PROD-7425,Furniture,Furnishings,Desk Organizer,150.0,6,0.0,48.29
ORD-2025-10407,2025-08-20,2025-08-21,Second Class,CUST-1009,Daniel Anderson,Home Office,United States,Charlotte,North Carolina,28205,South,PROD-8073,Technology,Copiers,Canon ImageCLASS,765.0,2,0.15,165.66
ORD-2025-10408,2025-06-05,2025-06-08,Same Day,CUST-1003,David Smith,Corporate,United States,Detroit,Michigan,48201,Central,PROD-1223,Technology,Accessories,Anker USB-C Hub,252.0,7,0.2,54.51
ORD-2025-10409,2025-10-27,2025-11-01,Second Class,CUST-1007,James Wilson,Corporate,United States,Houston,Texas,77070,Central,PROD-1223,Technology,Accessories,Anker USB-C Hub,202.5,5,0.1,64.46
ORD-2025-10410,2025-06-15,2025-06-17,Standard Class,CUST-1002,Linda Martinez,Consumer,United States,Charlotte,North Carolina,28205,South,PROD-3961,Furniture,Chairs,Ergonomic Mesh Chair,756.0,6,0.3,-9.75
ORD-2025-10411,2025-09-19,2025-09-21,Same Day,CUST-1009,Daniel Anderson,Corporate,United States,Los Angeles,California,90036,West,PROD-6835,Furniture,Tables,IKEA Bekant Desk,1662.5,7,0.05,565.55
ORD-2025-10412,2025-11-06,2025-11-09,Same Day,CUST-1005,Michael Brown,Home Office,United States,New York City,New York,10024,East,PROD-6295,Technology,Accessories,Logitech MX Master 3,420.75,5,0.15,122.84
ORD-2025-10413,2025-09-12,2025-09-17,Standard Class,CUST-1010,Sophia Thomas,Corporate,United States,New York City,New York,10024,East,PROD-3307,Office Supplies,Art,Acrylic Paint Set,67.2,4,0.4,-1.33
ORD-2025-10414,2025-12-07,2025-12-10,Second Class,CUST-1001,Alex Johnson,Consumer,United States,New York City,New York,10024,East,PROD-1086,Office Supplies,Storage,Plastic Storage Bin 50L,48.0,2,0.0,14.4
ORD-2025-10415,2025-10-09,2025-10-10,Standard Class,CUST-1007,James Wilson,Consumer,United States,Boston,Massachusetts,02215,East,PROD-6532,Furniture,Tables,Solid Oak Dining Table,2880.0,6,0.2,217.0
ORD-2025-10416,2025-02-17,2025-02-20,First Class,CUST-1007,James Wilson,Consumer,United States,Charlotte,North Carolina,28205,South,PROD-8774,Technology,Machines,Epson EcoTank,460.0,2,0.0,136.07
ORD-2025-10417,2025-11-19,2025-11-24,Second Class,CUST-1012,Olivia White,Consumer,United States,Los Angeles,California,90036,West,PROD-4831,Office Supplies,Appliances,Compact Refrigerator,612.0,4,0.15,133.88
ORD-2025-10418,2025-12-10,2025-12-15,First Class,CUST-1003,David Smith,Home Office,United States,Charlotte,North Carolina,28205,South,PROD-3307,Office Supplies,Art,Acrylic Paint Set,186.2,7,0.05,42.62
ORD-2025-10419,2025-04-30,2025-05-02,Standard Class,CUST-1002,Linda Martinez,Consumer,United States,Charlotte,North Carolina,28205,South,PROD-3089,Technology,Accessories,Sony WH-1000XM5,977.2,4,0.3,130.07
ORD-2025-10420,2025-06-29,2025-07-01,Standard Class,CUST-1011,Robert Jackson,Consumer,United States,Houston,Texas,77070,Central,PROD-8774,Technology,Machines,Epson EcoTank,920.0,5,0.2,210.36
ORD-2025-10421,2025-12-29,2026-01-03,Standard Class,CUST-1003,David Smith,Consumer,United States,Houston,Texas,77070,Central,PROD-3307,Office Supplies,Art,Acrylic Paint Set,196.0,7,0.0,64.24
ORD-2025-10422,2025-11-18,2025-11-23,First Class,CUST-1008,Jessica Taylor,Corporate,United States,Seattle,Washington,98101,West,PROD-5440,Furniture,Bookcases,IKEA Billy Bookcase,142.4,2,0.2,14.25
ORD-2025-10423,2025-10-17,2025-10-20,Standard Class,CUST-1006,Emily Davis,Corporate,United States,Boston,Massachusetts,02215,East,PROD-5836,Office Supplies,Art,Faber-Castell Color Pencils,90.0,5,0.0,24.33
ORD-2025-10424,2025-06-07,2025-06-10,Standard Class,CUST-1005,Michael Brown,Corporate,United States,San Francisco,California,94107,West,PROD-8774,Technology,Machines,Epson EcoTank,1368.5,7,0.15,350.3
ORD-2025-10425,2025-11-14,2025-11-15,Second Class,CUST-1002,Linda Martinez,Corporate,United States,San Francisco,California,94107,West,PROD-7862,Office Supplies,Binders,Heavy Duty 3-Ring Binder,15.3,3,0.4,-2.8
ORD-2025-10426,2025-11-08,2025-11-10,Standard Class,CUST-1009,Daniel Anderson,Home Office,United States,New York City,New York,10024,East,PROD-6219,Office Supplies,Paper,Cardstock Heavy Weight,88.0,4,0.0,35.15
ORD-2025-10427,2025-01-23,2025-01-28,Standard Class,CUST-1006,Emily Davis,Corporate,United States,Los Angeles,California,90036,West,PROD-1086,Office Supplies,Storage,Plastic Storage Bin 50L,102.0,5,0.15,18.5
ORD-2025-10428,2025-10-22,2025-10-25,First Class,CUST-1009,Daniel Anderson,Corporate,United States,Charlotte,North Carolina,28205,South,PROD-8011,Technology,Machines,HP LaserJet Pro,476.0,2,0.15,130.39
ORD-2025-10429,2025-11-15,2025-11-16,Second Class,CUST-1009,Daniel Anderson,Corporate,United States,Houston,Texas,77070,Central,PROD-6301,Technology,Machines,Brother HL-L2350DW,192.0,2,0.4,-25.95
ORD-2025-10430,2025-11-27,2025-11-28,Standard Class,CUST-1007,James Wilson,Consumer,United States,San Francisco,California,94107,West,PROD-8765,Furniture,Tables,Conference Table,2250.0,5,0.4,-346.68
ORD-2025-10431,2025-10-23,2025-10-28,Standard Class,CUST-1008,Jessica Taylor,Home Office,United States,New York City,New York,10024,East,PROD-5836,Office Supplies,Art,Faber-Castell Color Pencils,61.2,4,0.15,10.61
ORD-2025-10432,2025-12-30,2026-01-03,Second Class,CUST-1004,Sarah Williams,Consumer,United States,Houston,Texas,77070,Central,PROD-8765,Furniture,Tables,Conference Table,3600.0,6,0.2,304.38
ORD-2025-10433,2025-08-21,2025-08-22,Same Day,CUST-1002,Linda Martinez,Corporate,United States,Atlanta,Georgia,30318,South,PROD-8774,Technology,Machines,Epson EcoTank,1092.5,5,0.05,314.88
ORD-2025-10434,2025-07-27,2025-07-28,First Class,CUST-1009,Daniel Anderson,Home Office,United States,San Francisco,California,94107,West,PROD-3307,Office Supplies,Art,Acrylic Paint Set,98.0,5,0.3,8.99
ORD-2025-10435,2025-05-05,2025-05-09,Same Day,CUST-1002,Linda Martinez,Corporate,United States,Boston,Massachusetts,02215,East,PROD-3307,Office Supplies,Art,Acrylic Paint Set,112.0,5,0.2,16.56
ORD-2025-10436,2025-12-22,2025-12-23,Same Day,CUST-1002,Linda Martinez,Home Office,United States,Atlanta,Georgia,30318,South,PROD-6219,Office Supplies,Paper,Cardstock Heavy Weight,37.4,2,0.15,4.69
ORD-2025-10437,2025-02-05,2025-02-10,Same Day,CUST-1006,Emily Davis,Corporate,United States,Los Angeles,California,90036,West,PROD-3089,Technology,Accessories,Sony WH-1000XM5,2443.0,7,0.0,699.77
ORD-2025-10438,2025-12-05,2025-12-08,Same Day,CUST-1010,Sophia Thomas,Home Office,United States,Miami,Florida,33180,South,PROD-8774,Technology,Machines,Epson EcoTank,977.5,5,0.15,129.06
ORD-2025-10439,2025-08-11,2025-08-14,Standard Class,CUST-1010,Sophia Thomas,Consumer,United States,Miami,Florida,33180,South,PROD-9359,Furniture,Chairs,Steelcase Gesture,3900.0,5,0.0,1559.51
ORD-2025-10440,2025-10-14,2025-10-17,Standard Class,CUST-1005,Michael Brown,Consumer,United States,Philadelphia,Pennsylvania,19104,East,PROD-8134,Office Supplies,Appliances,Microwave Oven 900W,528.0,6,0.2,61.53
ORD-2025-10441,2025-07-27,2025-08-01,Second Class,CUST-1011,Robert Jackson,Consumer,United States,Miami,Florida,33180,South,PROD-5986,Technology,Copiers,Xerox Phaser,2548.0,7,0.3,279.77
ORD-2025-10442,2025-09-29,2025-09-30,Standard Class,CUST-1003,David Smith,Home Office,United States,Charlotte,North Carolina,28205,South,PROD-6835,Furniture,Tables,IKEA Bekant Desk,350.0,2,0.3,-14.51
ORD-2025-10443,2025-12-23,2025-12-27,Second Class,CUST-1008,Jessica Taylor,Home Office,United States,Charlotte,North Carolina,28205,South,PROD-5593,Furniture,Furnishings,Anti-Fatigue Standing Mat,76.0,2,0.05,22.9
ORD-2025-10444,2025-01-04,2025-01-06,First Class,CUST-1007,James Wilson,Home Office,United States,Chicago,Illinois,60653,Central,PROD-5986,Technology,Copiers,Xerox Phaser,312.0,1,0.4,-6.24
ORD-2025-10445,2025-09-27,2025-09-30,Same Day,CUST-1009,Daniel Anderson,Consumer,United States,Los Angeles,California,90036,West,PROD-3961,Furniture,Chairs,Ergonomic Mesh Chair,918.0,6,0.15,170.69
ORD-2025-10446,2025-06-25,2025-06-26,Same Day,CUST-1008,Jessica Taylor,Home Office,United States,Charlotte,North Carolina,28205,South,PROD-6703,Office Supplies,Storage,Archive Box Pack of 10,81.6,3,0.15,19.84
ORD-2025-10447,2025-01-19,2025-01-24,First Class,CUST-1012,Olivia White,Home Office,United States,Chicago,Illinois,60653,Central,PROD-5836,Office Supplies,Art,Faber-Castell Color Pencils,90.0,5,0.0,32.06
ORD-2025-10448,2025-11-29,2025-11-30,Second Class,CUST-1009,Daniel Anderson,Consumer,United States,Houston,Texas,77070,Central,PROD-8774,Technology,Machines,Epson EcoTank,1288.0,7,0.2,176.18
ORD-2025-10449,2025-10-30,2025-11-03,First Class,CUST-1003,David Smith,Corporate,United States,Philadelphia,Pennsylvania,19104,East,PROD-4966,Technology,Phones,Samsung Galaxy S23,664.05,1,0.05,182.21
ORD-2025-10450,2025-03-20,2025-03-24,Same Day,CUST-1004,Sarah Williams,Home Office,United States,Charlotte,North Carolina,28205,South,PROD-7862,Office Supplies,Binders,Heavy Duty 3-Ring Binder,34.0,5,0.2,8.15
ORD-2025-10451,2025-05-16,2025-05-17,Standard Class,CUST-1003,David Smith,Corporate,United States,Atlanta,Georgia,30318,South,PROD-7425,Furniture,Furnishings,Desk Organizer,157.5,7,0.1,42.53
ORD-2025-10452,2025-12-28,2025-12-31,Second Class,CUST-1009,Daniel Anderson,Corporate,United States,San Francisco,California,94107,West,PROD-7425,Furniture,Furnishings,Desk Organizer,75.0,3,0.0,28.9
ORD-2025-10453,2025-09-30,2025-10-04,First Class,CUST-1006,Emily Davis,Corporate,United States,Chicago,Illinois,60653,Central,PROD-5593,Furniture,Furnishings,Anti-Fatigue Standing Mat,252.0,7,0.1,59.27
ORD-2025-10454,2025-04-10,2025-04-12,First Class,CUST-1009,Daniel Anderson,Consumer,United States,Los Angeles,California,90036,West,PROD-8073,Technology,Copiers,Canon ImageCLASS,2250.0,5,0.0,668.64
ORD-2025-10455,2025-11-03,2025-11-06,Second Class,CUST-1001,Alex Johnson,Consumer,United States,Los Angeles,California,90036,West,PROD-7862,Office Supplies,Binders,Heavy Duty 3-Ring Binder,51.0,6,0.0,19.74
ORD-2025-10456,2025-12-21,2025-12-26,Second Class,CUST-1002,Linda Martinez,Home Office,United States,Philadelphia,Pennsylvania,19104,East,PROD-7425,Furniture,Furnishings,Desk Organizer,15.0,1,0.4,-3.46
ORD-2025-10457,2025-05-22,2025-05-25,First Class,CUST-1003,David Smith,Consumer,United States,Chicago,Illinois,60653,Central,PROD-5593,Furniture,Furnishings,Anti-Fatigue Standing Mat,34.0,1,0.15,8.41
ORD-2025-10458,2025-10-23,2025-10-28,Same Day,CUST-1003,David Smith,Home Office,United States,Miami,Florida,33180,South,PROD-8073,Technology,Copiers,Canon ImageCLASS,2250.0,5,0.0,591.99
ORD-2025-10459,2025-10-07,2025-10-08,First Class,CUST-1008,Jessica Taylor,Consumer,United States,Miami,Florida,33180,South,PROD-8408,Office Supplies,Paper,Multipurpose Copy Paper 500 Sheets,50.4,6,0.3,4.32
ORD-2025-10460,2025-11-17,2025-11-22,Standard Class,CUST-1009,Daniel Anderson,Home Office,United States,Atlanta,Georgia,30318,South,PROD-7425,Furniture,Furnishings,Desk Organizer,175.0,7,0.0,55.82
ORD-2025-10461,2025-01-02,2025-01-06,Standard Class,CUST-1010,Sophia Thomas,Home Office,United States,Houston,Texas,77070,Central,PROD-6703,Office Supplies,Storage,Archive Box Pack of 10,19.2,1,0.4,-0.39
ORD-2025-10462,2025-08-24,2025-08-27,Second Class,CUST-1003,David Smith,Home Office,United States,San Francisco,California,94107,West,PROD-5691,Office Supplies,Binders,Clear View Presentation Binder,25.2,6,0.3,-1.24
ORD-2025-10463,2025-11-19,2025-11-23,Standard Class,CUST-1011,Robert Jackson,Corporate,United States,New York City,New York,10024,East,PROD-6295,Technology,Accessories,Logitech MX Master 3,534.6,6,0.1,134.61
ORD-2025-10464,2025-02-02,2025-02-05,Same Day,CUST-1009,Daniel Anderson,Corporate,United States,Los Angeles,California,90036,West,PROD-9359,Furniture,Chairs,Steelcase Gesture,5460.0,7,0.0,1851.89
ORD-2025-10465,2025-04-19,2025-04-24,Same Day,CUST-1011,Robert Jackson,Home Office,United States,Boston,Massachusetts,02215,East,PROD-7862,Office Supplies,Binders,Heavy Duty 3-Ring Binder,8.07,1,0.05,2.35
ORD-2025-10466,2025-01-10,2025-01-15,Standard Class,CUST-1004,Sarah Williams,Home Office,United States,New York City,New York,10024,East,PROD-4966,Technology,Phones,Samsung Galaxy S23,4893.0,7,0.0,1622.38
ORD-2025-10467,2025-03-29,2025-03-30,Standard Class,CUST-1002,Linda Martinez,Corporate,United States,New York City,New York,10024,East,PROD-5986,Technology,Copiers,Xerox Phaser,2548.0,7,0.3,186.97
ORD-2025-10468,2025-12-17,2025-12-19,First Class,CUST-1004,Sarah Williams,Consumer,United States,Philadelphia,Pennsylvania,19104,East,PROD-4966,Technology,Phones,Samsung Galaxy S23,978.6,2,0.3,104.56
ORD-2025-10469,2025-07-09,2025-07-13,Second Class,CUST-1010,Sophia Thomas,Consumer,United States,New York City,New York,10024,East,PROD-8134,Office Supplies,Appliances,Microwave Oven 900W,731.5,7,0.05,267.69
ORD-2025-10470,2025-09-28,2025-09-30,Standard Class,CUST-1012,Olivia White,Home Office,United States,Houston,Texas,77070,Central,PROD-5836,Office Supplies,Art,Faber-Castell Color Pencils,34.2,2,0.05,9.78
ORD-2025-10471,2025-10-20,2025-10-25,Standard Class,CUST-1010,Sophia Thomas,Consumer,United States,Charlotte,North Carolina,28205,South,PROD-8774,Technology,Machines,Epson EcoTank,920.0,4,0.0,291.04
ORD-2025-10472,2025-12-04,2025-12-05,First Class,CUST-1009,Daniel Anderson,Home Office,United States,Philadelphia,Pennsylvania,19104,East,PROD-5691,Office Supplies,Binders,Clear View Presentation Binder,5.4,1,0.1,1.7
ORD-2025-10473,2025-03-18,2025-03-22,Same Day,CUST-1003,David Smith,Consumer,United States,Los Angeles,California,90036,West,PROD-6703,Office Supplies,Storage,Archive Box Pack of 10,44.8,2,0.3,3.99
ORD-2025-10474,2025-11-12,2025-11-16,Standard Class,CUST-1002,Linda Martinez,Home Office,United States,Seattle,Washington,98101,West,PROD-6295,Technology,Accessories,Logitech MX Master 3,396.0,4,0.0,154.19
ORD-2025-10475,2025-05-01,2025-05-06,First Class,CUST-1007,James Wilson,Consumer,United States,Chicago,Illinois,60653,Central,PROD-8011,Technology,Machines,HP LaserJet Pro,252.0,1,0.1,47.46
ORD-2025-10476,2025-07-12,2025-07-13,Same Day,CUST-1010,Sophia Thomas,Corporate,United States,San Francisco,California,94107,West,PROD-3089,Technology,Accessories,Sony WH-1000XM5,1326.2,4,0.05,407.49
ORD-2025-10477,2025-03-11,2025-03-13,First Class,CUST-1005,Michael Brown,Consumer,United States,Chicago,Illinois,60653,Central,PROD-4966,Technology,Phones,Samsung Galaxy S23,1398.0,2,0.0,463.04
ORD-2025-10478,2025-03-29,2025-03-31,First Class,CUST-1010,Sophia Thomas,Consumer,United States,Boston,Massachusetts,02215,East,PROD-7862,Office Supplies,Binders,Heavy Duty 3-Ring Binder,20.4,4,0.4,-4.4
ORD-2025-10479,2025-04-21,2025-04-25,First Class,CUST-1001,Alex Johnson,Home Office,United States,Charlotte,North Carolina,28205,South,PROD-1223,Technology,Accessories,Anker USB-C Hub,162.0,4,0.1,29.92
ORD-2025-10480,2025-10-30,2025-11-04,Standard Class,CUST-1007,James Wilson,Consumer,United States,San Francisco,California,94107,West,PROD-4831,Office Supplies,Appliances,Compact Refrigerator,504.0,4,0.3,20.24
ORD-2025-10481,2025-12-23,2025-12-27,Same Day,CUST-1004,Sarah Williams,Consumer,United States,Seattle,Washington,98101,West,PROD-5836,Office Supplies,Art,Faber-Castell Color Pencils,28.8,2,0.2,5.6
ORD-2025-10482,2025-11-28,2025-11-29,Same Day,CUST-1011,Robert Jackson,Corporate,United States,Boston,Massachusetts,02215,East,PROD-9359,Furniture,Chairs,Steelcase Gesture,2964.0,4,0.05,682.87
ORD-2025-10483,2025-11-14,2025-11-18,Standard Class,CUST-1011,Robert Jackson,Consumer,United States,Charlotte,North Carolina,28205,South,PROD-9359,Furniture,Chairs,Steelcase Gesture,2652.0,4,0.15,453.31
ORD-2025-10484,2025-11-10,2025-11-12,Standard Class,CUST-1010,Sophia Thomas,Corporate,United States,Seattle,Washington,98101,West,PROD-1086,Office Supplies,Storage,Plastic Storage Bin 50L,16.8,1,0.3,1.08
ORD-2025-10485,2025-11-13,2025-11-15,Standard Class,CUST-1009,Daniel Anderson,Home Office,United States,New York City,New York,10024,East,PROD-8765,Furniture,Tables,Conference Table,450.0,1,0.4,-82.96
ORD-2025-10486,2025-10-25,2025-10-27,Second Class,CUST-1006,Emily Davis,Corporate,United States,Detroit,Michigan,48201,Central,PROD-3307,Office Supplies,Art,Acrylic Paint Set,14.0,1,0.5,-4.84
ORD-2025-10487,2025-09-27,2025-10-01,First Class,CUST-1008,Jessica Taylor,Home Office,United States,Detroit,Michigan,48201,Central,PROD-8408,Office Supplies,Paper,Multipurpose Copy Paper 500 Sheets,33.6,4,0.3,2.72
ORD-2025-10488,2025-11-02,2025-11-03,Second Class,CUST-1008,Jessica Taylor,Consumer,United States,Boston,Massachusetts,02215,East,PROD-6219,Office Supplies,Paper,Cardstock Heavy Weight,83.6,4,0.05,24.54
ORD-2025-10489,2025-08-04,2025-08-05,First Class,CUST-1004,Sarah Williams,Consumer,United States,Los Angeles,California,90036,West,PROD-6703,Office Supplies,Storage,Archive Box Pack of 10,128.0,5,0.2,16.26
ORD-2025-10490,2025-06-17,2025-06-22,Same Day,CUST-1008,Jessica Taylor,Corporate,United States,Philadelphia,Pennsylvania,19104,East,PROD-8011,Technology,Machines,HP LaserJet Pro,896.0,4,0.2,60.92
ORD-2025-10491,2025-11-03,2025-11-07,Second Class,CUST-1010,Sophia Thomas,Consumer,United States,Chicago,Illinois,60653,Central,PROD-6295,Technology,Accessories,Logitech MX Master 3,118.8,2,0.4,-17.06
ORD-2025-10492,2025-10-21,2025-10-23,Standard Class,CUST-1011,Robert Jackson,Corporate,United States,Chicago,Illinois,60653,Central,PROD-7425,Furniture,Furnishings,Desk Organizer,40.0,2,0.2,6.97
ORD-2025-10493,2025-09-13,2025-09-17,First Class,CUST-1003,David Smith,Consumer,United States,Detroit,Michigan,48201,Central,PROD-6703,Office Supplies,Storage,Archive Box Pack of 10,91.2,3,0.05,23.11
ORD-2025-10494,2025-10-12,2025-10-16,Standard Class,CUST-1003,David Smith,Home Office,United States,San Francisco,California,94107,West,PROD-8073,Technology,Copiers,Canon ImageCLASS,1440.0,4,0.2,335.03
ORD-2025-10495,2025-01-29,2025-01-31,Second Class,CUST-1005,Michael Brown,Consumer,United States,Los Angeles,California,90036,West,PROD-5836,Office Supplies,Art,Faber-Castell Color Pencils,63.0,5,0.3,6.37
ORD-2025-10496,2025-06-12,2025-06-17,Standard Class,CUST-1011,Robert Jackson,Corporate,United States,Miami,Florida,33180,South,PROD-3307,Office Supplies,Art,Acrylic Paint Set,89.6,4,0.2,22.2
ORD-2025-10497,2025-06-26,2025-06-30,Standard Class,CUST-1004,Sarah Williams,Home Office,United States,Charlotte,North Carolina,28205,South,PROD-5593,Furniture,Furnishings,Anti-Fatigue Standing Mat,56.0,2,0.3,-0.74
ORD-2025-10498,2025-12-12,2025-12-17,Standard Class,CUST-1003,David Smith,Consumer,United States,Houston,Texas,77070,Central,PROD-1086,Office Supplies,Storage,Plastic Storage Bin 50L,60.0,5,0.5,-23.5
ORD-2025-10499,2025-05-20,2025-05-25,Same Day,CUST-1012,Olivia White,Home Office,United States,New York City,New York,10024,East,PROD-5986,Technology,Copiers,Xerox Phaser,1560.0,5,0.4,-16.47
ORD-2025-10500,2025-06-04,2025-06-07,Same Day,CUST-1009,Daniel Anderson,Home Office,United States,Miami,Florida,33180,South,PROD-3776,Technology,Phones,Apple iPhone 14,2037.45,3,0.15,255.51
ORD-2025-10501,2025-11-22,2025-11-25,Same Day,CUST-1003,David Smith,Corporate,United States,New York City,New York,10024,East,PROD-8774,Technology,Machines,Epson EcoTank,184.0,1,0.2,25.95
ORD-2025-10502,2025-10-17,2025-10-20,Same Day,CUST-1012,Olivia White,Consumer,United States,Detroit,Michigan,48201,Central,PROD-4831,Office Supplies,Appliances,Compact Refrigerator,1008.0,7,0.2,224.38
ORD-2025-10503,2025-08-25,2025-08-27,First Class,CUST-1003,David Smith,Consumer,United States,Houston,Texas,77070,Central,PROD-5440,Furniture,Bookcases,IKEA Billy Bookcase,226.95,3,0.15,29.25
ORD-2025-10504,2025-12-17,2025-12-19,Standard Class,CUST-1010,Sophia Thomas,Consumer,United States,Houston,Texas,77070,Central,PROD-6703,Office Supplies,Storage,Archive Box Pack of 10,115.2,6,0.4,-23.71
ORD-2025-10505,2025-11-03,2025-11-06,Same Day,CUST-1007,James Wilson,Corporate,United States,New York City,New York,10024,East,PROD-3089,Technology,Accessories,Sony WH-1000XM5,628.2,2,0.1,126.15
ORD-2025-10506,2025-10-14,2025-10-19,Standard Class,CUST-1007,James Wilson,Corporate,United States,Los Angeles,California,90036,West,PROD-4966,Technology,Phones,Samsung Galaxy S23,1782.45,3,0.15,306.88
ORD-2025-10507,2025-03-13,2025-03-18,First Class,CUST-1003,David Smith,Home Office,United States,Chicago,Illinois,60653,Central,PROD-8408,Office Supplies,Paper,Multipurpose Copy Paper 500 Sheets,22.8,2,0.05,7.29
ORD-2025-10508,2025-10-08,2025-10-12,Standard Class,CUST-1002,Linda Martinez,Consumer,United States,Atlanta,Georgia,30318,South,PROD-6295,Technology,Accessories,Logitech MX Master 3,99.0,1,0.0,32.63
ORD-2025-10509,2025-11-05,2025-11-06,Standard Class,CUST-1002,Linda Martinez,Home Office,United States,Boston,Massachusetts,02215,East,PROD-3089,Technology,Accessories,Sony WH-1000XM5,1047.0,3,0.0,404.54
ORD-2025-10510,2025-05-23,2025-05-26,First Class,CUST-1003,David Smith,Home Office,United States,Boston,Massachusetts,02215,East,PROD-8408,Office Supplies,Paper,Multipurpose Copy Paper 500 Sheets,84.0,7,0.0,26.94
ORD-2025-10511,2025-04-09,2025-04-11,Standard Class,CUST-1012,Olivia White,Consumer,United States,Boston,Massachusetts,02215,East,PROD-3307,Office Supplies,Art,Acrylic Paint Set,159.6,6,0.05,47.72
ORD-2025-10512,2025-11-12,2025-11-16,Same Day,CUST-1004,Sarah Williams,Home Office,United States,Philadelphia,Pennsylvania,19104,East,PROD-8011,Technology,Machines,HP LaserJet Pro,1120.0,4,0.0,360.69
ORD-2025-10513,2025-09-11,2025-09-14,Standard Class,CUST-1002,Linda Martinez,Corporate,United States,Miami,Florida,33180,South,PROD-2095,Furniture,Bookcases,Industrial Wood Bookshelf,807.5,5,0.15,139.6
ORD-2025-10514,2025-11-19,2025-11-22,Same Day,CUST-1004,Sarah Williams,Consumer,United States,Charlotte,North Carolina,28205,South,PROD-6835,Furniture,Tables,IKEA Bekant Desk,900.0,6,0.4,-151.22
ORD-2025-10515,2025-07-22,2025-07-23,Standard Class,CUST-1003,David Smith,Corporate,United States,Charlotte,North Carolina,28205,South,PROD-8408,Office Supplies,Paper,Multipurpose Copy Paper 500 Sheets,9.6,1,0.2,0.64
ORD-2025-10516,2025-11-18,2025-11-19,Second Class,CUST-1007,James Wilson,Home Office,United States,Atlanta,Georgia,30318,South,PROD-2439,Office Supplies,Appliances,Electric Kettle,73.5,3,0.3,4.89
ORD-2025-10517,2025-12-08,2025-12-12,Same Day,CUST-1009,Daniel Anderson,Corporate,United States,Philadelphia,Pennsylvania,19104,East,PROD-4966,Technology,Phones,Samsung Galaxy S23,1677.6,4,0.4,-96.81
ORD-2025-10518,2025-12-31,2026-01-01,Standard Class,CUST-1008,Jessica Taylor,Home Office,United States,Los Angeles,California,90036,West,PROD-5440,Furniture,Bookcases,IKEA Billy Bookcase,267.0,3,0.0,76.36
ORD-2025-10519,2025-12-05,2025-12-09,Same Day,CUST-1004,Sarah Williams,Corporate,United States,Atlanta,Georgia,30318,South,PROD-6703,Office Supplies,Storage,Archive Box Pack of 10,224.0,7,0.0,57.59
ORD-2025-10520,2025-01-17,2025-01-18,Same Day,CUST-1008,Jessica Taylor,Corporate,United States,Atlanta,Georgia,30318,South,PROD-4843,Furniture,Chairs,Herman Miller Aeron,1445.0,2,0.15,199.4
ORD-2025-10521,2025-03-26,2025-03-28,First Class,CUST-1012,Olivia White,Corporate,United States,Miami,Florida,33180,South,PROD-3307,Office Supplies,Art,Acrylic Paint Set,106.4,4,0.05,30.69
ORD-2025-10522,2025-12-12,2025-12-16,First Class,CUST-1005,Michael Brown,Corporate,United States,Los Angeles,California,90036,West,PROD-8408,Office Supplies,Paper,Multipurpose Copy Paper 500 Sheets,67.2,7,0.2,12.4
ORD-2025-10523,2025-12-17,2025-12-20,Same Day,CUST-1002,Linda Martinez,Corporate,United States,Houston,Texas,77070,Central,PROD-5440,Furniture,Bookcases,IKEA Billy Bookcase,320.4,6,0.4,-47.46
ORD-2025-10524,2025-11-06,2025-11-07,First Class,CUST-1003,David Smith,Consumer,United States,Chicago,Illinois,60653,Central,PROD-7425,Furniture,Furnishings,Desk Organizer,62.5,5,0.5,-23.52
ORD-2025-10525,2025-06-12,2025-06-16,First Class,CUST-1010,Sophia Thomas,Consumer,United States,Miami,Florida,33180,South,PROD-5691,Office Supplies,Binders,Clear View Presentation Binder,19.2,4,0.2,4.2
ORD-2025-10526,2025-06-03,2025-06-07,Second Class,CUST-1008,Jessica Taylor,Home Office,United States,Seattle,Washington,98101,West,PROD-8774,Technology,Machines,Epson EcoTank,195.5,1,0.15,23.13
ORD-2025-10527,2025-07-25,2025-07-30,Standard Class,CUST-1012,Olivia White,Home Office,United States,Seattle,Washington,98101,West,PROD-5440,Furniture,Bookcases,IKEA Billy Bookcase,267.0,5,0.4,-28.51
ORD-2025-10528,2025-06-27,2025-06-30,First Class,CUST-1007,James Wilson,Home Office,United States,Chicago,Illinois,60653,Central,PROD-5593,Furniture,Furnishings,Anti-Fatigue Standing Mat,120.0,5,0.4,-16.43
ORD-2025-10529,2025-01-10,2025-01-15,Second Class,CUST-1010,Sophia Thomas,Corporate,United States,Boston,Massachusetts,02215,East,PROD-3307,Office Supplies,Art,Acrylic Paint Set,117.6,6,0.3,-6.75
ORD-2025-10530,2025-10-23,2025-10-26,Same Day,CUST-1003,David Smith,Consumer,United States,Boston,Massachusetts,02215,East,PROD-6703,Office Supplies,Storage,Archive Box Pack of 10,102.4,4,0.2,9.08
ORD-2025-10531,2025-02-02,2025-02-06,First Class,CUST-1005,Michael Brown,Home Office,United States,Philadelphia,Pennsylvania,19104,East,PROD-4831,Office Supplies,Appliances,Compact Refrigerator,648.0,4,0.1,203.74
ORD-2025-10532,2025-11-06,2025-11-10,Same Day,CUST-1009,Daniel Anderson,Corporate,United States,Charlotte,North Carolina,28205,South,PROD-6295,Technology,Accessories,Logitech MX Master 3,282.15,3,0.05,102.65
ORD-2025-10533,2025-05-23,2025-05-25,Standard Class,CUST-1012,Olivia White,Corporate,United States,Los Angeles,California,90036,West,PROD-6301,Technology,Machines,Brother HL-L2350DW,480.0,3,0.0,127.16
ORD-2025-10534,2025-07-28,2025-07-29,Same Day,CUST-1012,Olivia White,Consumer,United States,New York City,New York,10024,East,PROD-4831,Office Supplies,Appliances,Compact Refrigerator,765.0,5,0.15,157.98
ORD-2025-10535,2025-10-13,2025-10-16,First Class,CUST-1010,Sophia Thomas,Home Office,United States,Charlotte,North Carolina,28205,South,PROD-5691,Office Supplies,Binders,Clear View Presentation Binder,11.4,2,0.05,4.01
ORD-2025-10536,2025-04-20,2025-04-24,Same Day,CUST-1005,Michael Brown,Home Office,United States,San Francisco,California,94107,West,PROD-1086,Office Supplies,Storage,Plastic Storage Bin 50L,50.4,3,0.3,2.07
ORD-2025-10537,2025-05-07,2025-05-09,First Class,CUST-1008,Jessica Taylor,Home Office,United States,Houston,Texas,77070,Central,PROD-8403,Technology,Phones,Google Pixel 7,3594.0,6,0.0,1012.36
ORD-2025-10538,2025-11-16,2025-11-19,First Class,CUST-1011,Robert Jackson,Consumer,United States,Philadelphia,Pennsylvania,19104,East,PROD-9359,Furniture,Chairs,Steelcase Gesture,1989.0,3,0.15,553.32
ORD-2025-10539,2025-10-18,2025-10-22,First Class,CUST-1011,Robert Jackson,Corporate,United States,San Francisco,California,94107,West,PROD-5986,Technology,Copiers,Xerox Phaser,2184.0,6,0.3,-121.6
ORD-2025-10540,2025-06-20,2025-06-21,Second Class,CUST-1012,Olivia White,Corporate,United States,San Francisco,California,94107,West,PROD-2095,Furniture,Bookcases,Industrial Wood Bookshelf,1140.0,6,0.0,325.7
ORD-2025-10541,2025-11-25,2025-11-29,Second Class,CUST-1001,Alex Johnson,Corporate,United States,Boston,Massachusetts,02215,East,PROD-5440,Furniture,Bookcases,IKEA Billy Bookcase,84.55,1,0.05,27.82
ORD-2025-10542,2025-11-29,2025-12-04,Same Day,CUST-1006,Emily Davis,Corporate,United States,Charlotte,North Carolina,28205,South,PROD-8011,Technology,Machines,HP LaserJet Pro,1344.0,6,0.2,134.52
ORD-2025-10543,2025-11-14,2025-11-16,Same Day,CUST-1007,James Wilson,Home Office,United States,New York City,New York,10024,East,PROD-6295,Technology,Accessories,Logitech MX Master 3,356.4,4,0.1,103.25
ORD-2025-10544,2025-12-16,2025-12-20,First Class,CUST-1003,David Smith,Consumer,United States,Chicago,Illinois,60653,Central,PROD-8408,Office Supplies,Paper,Multipurpose Copy Paper 500 Sheets,50.4,6,0.3,-2.83
ORD-2025-10545,2025-12-11,2025-12-13,Second Class,CUST-1004,Sarah Williams,Corporate,United States,Detroit,Michigan,48201,Central,PROD-1464,Furniture,Furnishings,Floor Lamp LED,198.0,4,0.1,33.16
ORD-2025-10546,2025-05-25,2025-05-27,Same Day,CUST-1003,David Smith,Corporate,United States,New York City,New York,10024,East,PROD-5440,Furniture,Bookcases,IKEA Billy Bookcase,267.0,5,0.4,-60.56
ORD-2025-10547,2025-07-09,2025-07-13,Standard Class,CUST-1001,Alex Johnson,Corporate,United States,Philadelphia,Pennsylvania,19104,East,PROD-5836,Office Supplies,Art,Faber-Castell Color Pencils,75.6,6,0.3,-0.68
ORD-2025-10548,2025-10-10,2025-10-15,Standard Class,CUST-1001,Alex Johnson,Corporate,United States,Philadelphia,Pennsylvania,19104,East,PROD-4843,Furniture,Chairs,Herman Miller Aeron,1785.0,3,0.3,139.29
ORD-2025-10549,2025-07-22,2025-07-24,Standard Class,CUST-1010,Sophia Thomas,Consumer,United States,Chicago,Illinois,60653,Central,PROD-3307,Office Supplies,Art,Acrylic Paint Set,56.0,4,0.5,-13.58
ORD-2025-10550,2025-10-14,2025-10-18,First Class,CUST-1012,Olivia White,Corporate,United States,Atlanta,Georgia,30318,South,PROD-2095,Furniture,Bookcases,Industrial Wood Bookshelf,722.0,4,0.05,230.03
ORD-2025-10551,2025-09-09,2025-09-11,Same Day,CUST-1001,Alex Johnson,Consumer,United States,New York City,New York,10024,East,PROD-6295,Technology,Accessories,Logitech MX Master 3,336.6,4,0.15,89.28
ORD-2025-10552,2025-08-28,2025-09-01,Standard Class,CUST-1008,Jessica Taylor,Corporate,United States,Atlanta,Georgia,30318,South,PROD-3961,Furniture,Chairs,Ergonomic Mesh Chair,1197.0,7,0.05,417.63
ORD-2025-10553,2025-11-03,2025-11-05,Second Class,CUST-1012,Olivia White,Home Office,United States,Detroit,Michigan,48201,Central,PROD-4831,Office Supplies,Appliances,Compact Refrigerator,900.0,5,0.0,282.94
ORD-2025-10554,2025-08-02,2025-08-04,Same Day,CUST-1011,Robert Jackson,Consumer,United States,Chicago,Illinois,60653,Central,PROD-9359,Furniture,Chairs,Steelcase Gesture,2340.0,3,0.0,882.02
ORD-2025-10555,2025-02-11,2025-02-15,Same Day,CUST-1011,Robert Jackson,Corporate,United States,San Francisco,California,94107,West,PROD-5986,Technology,Copiers,Xerox Phaser,2964.0,6,0.05,993.08
ORD-2025-10556,2025-01-25,2025-01-28,First Class,CUST-1001,Alex Johnson,Home Office,United States,Seattle,Washington,98101,West,PROD-5836,Office Supplies,Art,Faber-Castell Color Pencils,61.2,4,0.15,16.08
ORD-2025-10557,2025-10-24,2025-10-26,Same Day,CUST-1007,James Wilson,Corporate,United States,New York City,New York,10024,East,PROD-5593,Furniture,Furnishings,Anti-Fatigue Standing Mat,204.0,6,0.15,27.47
ORD-2025-10558,2025-12-22,2025-12-23,First Class,CUST-1009,Daniel Anderson,Consumer,United States,Atlanta,Georgia,30318,South,PROD-5593,Furniture,Furnishings,Anti-Fatigue Standing Mat,140.0,5,0.3,17.29
ORD-2025-10559,2025-08-05,2025-08-10,Second Class,CUST-1007,James Wilson,Home Office,United States,Miami,Florida,33180,South,PROD-8774,Technology,Machines,Epson EcoTank,1242.0,6,0.1,279.94
ORD-2025-10560,2025-03-21,2025-03-26,Standard Class,CUST-1005,Michael Brown,Corporate,United States,Miami,Florida,33180,South,PROD-5440,Furniture,Bookcases,IKEA Billy Bookcase,151.3,2,0.15,22.03
ORD-2025-10561,2025-09-25,2025-09-30,Standard Class,CUST-1009,Daniel Anderson,Consumer,United States,Seattle,Washington,98101,West,PROD-5986,Technology,Copiers,Xerox Phaser,312.0,1,0.4,-51.55
ORD-2025-10562,2025-10-19,2025-10-22,First Class,CUST-1010,Sophia Thomas,Consumer,United States,Los Angeles,California,90036,West,PROD-5836,Office Supplies,Art,Faber-Castell Color Pencils,119.7,7,0.05,28.17
ORD-2025-10563,2025-12-27,2025-12-30,First Class,CUST-1010,Sophia Thomas,Home Office,United States,Charlotte,North Carolina,28205,South,PROD-2095,Furniture,Bookcases,Industrial Wood Bookshelf,1263.5,7,0.05,423.39
ORD-2025-10564,2025-02-10,2025-02-15,First Class,CUST-1011,Robert Jackson,Consumer,United States,Charlotte,North Carolina,28205,South,PROD-4966,Technology,Phones,Samsung Galaxy S23,699.0,1,0.0,261.59
ORD-2025-10565,2025-09-02,2025-09-06,Same Day,CUST-1005,Michael Brown,Home Office,United States,Detroit,Michigan,48201,Central,PROD-3307,Office Supplies,Art,Acrylic Paint Set,19.6,1,0.3,2.33
ORD-2025-10566,2025-01-09,2025-01-11,Standard Class,CUST-1004,Sarah Williams,Corporate,United States,Boston,Massachusetts,02215,East,PROD-8073,Technology,Copiers,Canon ImageCLASS,382.5,1,0.15,60.54
ORD-2025-10567,2025-03-17,2025-03-18,Standard Class,CUST-1003,David Smith,Consumer,United States,Atlanta,Georgia,30318,South,PROD-9359,Furniture,Chairs,Steelcase Gesture,3510.0,5,0.1,1052.22
ORD-2025-10568,2025-10-19,2025-10-23,Standard Class,CUST-1006,Emily Davis,Consumer,United States,Seattle,Washington,98101,West,PROD-3307,Office Supplies,Art,Acrylic Paint Set,117.6,7,0.4,-21.67
ORD-2025-10569,2025-11-02,2025-11-05,Standard Class,CUST-1008,Jessica Taylor,Corporate,United States,Charlotte,North Carolina,28205,South,PROD-2439,Office Supplies,Appliances,Electric Kettle,147.0,7,0.4,-8.52
ORD-2025-10570,2025-02-01,2025-02-05,First Class,CUST-1009,Daniel Anderson,Consumer,United States,Detroit,Michigan,48201,Central,PROD-1464,Furniture,Furnishings,Floor Lamp LED,176.0,4,0.2,29.6
ORD-2025-10571,2025-10-22,2025-10-26,First Class,CUST-1008,Jessica Taylor,Consumer,United States,Boston,Massachusetts,02215,East,PROD-6703,Office Supplies,Storage,Archive Box Pack of 10,54.4,2,0.15,9.06
ORD-2025-10572,2025-07-19,2025-07-22,Same Day,CUST-1003,David Smith,Home Office,United States,Philadelphia,Pennsylvania,19104,East,PROD-6219,Office Supplies,Paper,Cardstock Heavy Weight,41.8,2,0.05,14.08
ORD-2025-10573,2025-11-07,2025-11-11,Same Day,CUST-1005,Michael Brown,Consumer,United States,Boston,Massachusetts,02215,East,PROD-4966,Technology,Phones,Samsung Galaxy S23,1677.6,3,0.2,206.47
ORD-2025-10574,2025-03-31,2025-04-05,Standard Class,CUST-1002,Linda Martinez,Corporate,United States,Miami,Florida,33180,South,PROD-7862,Office Supplies,Binders,Heavy Duty 3-Ring Binder,38.25,5,0.1,9.65
ORD-2025-10575,2025-06-24,2025-06-25,First Class,CUST-1003,David Smith,Home Office,United States,Seattle,Washington,98101,West,PROD-5986,Technology,Copiers,Xerox Phaser,3640.0,7,0.0,923.84
ORD-2025-10576,2025-11-09,2025-11-10,Standard Class,CUST-1009,Daniel Anderson,Consumer,United States,Boston,Massachusetts,02215,East,PROD-1223,Technology,Accessories,Anker USB-C Hub,76.5,2,0.15,12.94
ORD-2025-10577,2025-09-17,2025-09-18,Second Class,CUST-1011,Robert Jackson,Corporate,United States,Chicago,Illinois,60653,Central,PROD-1223,Technology,Accessories,Anker USB-C Hub,90.0,4,0.5,-27.22
ORD-2025-10578,2025-11-01,2025-11-04,Same Day,CUST-1006,Emily Davis,Home Office,United States,New York City,New York,10024,East,PROD-5836,Office Supplies,Art,Faber-Castell Color Pencils,25.2,2,0.3,1.37
ORD-2025-10579,2025-07-29,2025-08-03,First Class,CUST-1001,Alex Johnson,Corporate,United States,New York City,New York,10024,East,PROD-4831,Office Supplies,Appliances,Compact Refrigerator,144.0,1,0.2,27.5
ORD-2025-10580,2025-03-26,2025-03-30,Standard Class,CUST-1011,Robert Jackson,Home Office,United States,Boston,Massachusetts,02215,East,PROD-8774,Technology,Machines,Epson EcoTank,782.0,4,0.15,130.43
ORD-2025-10581,2025-06-10,2025-06-11,First Class,CUST-1009,Daniel Anderson,Home Office,United States,Boston,Massachusetts,02215,East,PROD-7425,Furniture,Furnishings,Desk Organizer,30.0,2,0.4,-5.23
ORD-2025-10582,2025-11-29,2025-12-01,First Class,CUST-1002,Linda Martinez,Consumer,United States,Houston,Texas,77070,Central,PROD-5691,Office Supplies,Binders,Clear View Presentation Binder,12.0,2,0.0,4.24
ORD-2025-10583,2025-06-24,2025-06-26,Standard Class,CUST-1001,Alex Johnson,Home Office,United States,Chicago,Illinois,60653,Central,PROD-7425,Furniture,Furnishings,Desk Organizer,25.0,1,0.0,9.03
ORD-2025-10584,2025-09-17,2025-09-18,Standard Class,CUST-1008,Jessica Taylor,Corporate,United States,San Francisco,California,94107,West,PROD-8765,Furniture,Tables,Conference Table,3375.0,5,0.1,927.94
ORD-2025-10585,2025-05-26,2025-05-31,Second Class,CUST-1012,Olivia White,Corporate,United States,New York City,New York,10024,East,PROD-6532,Furniture,Tables,Solid Oak Dining Table,2400.0,4,0.0,907.24
ORD-2025-10586,2025-08-06,2025-08-07,Standard Class,CUST-1001,Alex Johnson,Corporate,United States,Philadelphia,Pennsylvania,19104,East,PROD-8073,Technology,Copiers,Canon ImageCLASS,945.0,3,0.3,15.88
ORD-2025-10587,2025-09-23,2025-09-26,Same Day,CUST-1011,Robert Jackson,Corporate,United States,Charlotte,North Carolina,28205,South,PROD-1464,Furniture,Furnishings,Floor Lamp LED,104.5,2,0.05,30.5
ORD-2025-10588,2025-12-27,2026-01-01,Standard Class,CUST-1012,Olivia White,Consumer,United States,Atlanta,Georgia,30318,South,PROD-3089,Technology,Accessories,Sony WH-1000XM5,1047.0,3,0.0,324.32
ORD-2025-10589,2025-11-14,2025-11-19,First Class,CUST-1001,Alex Johnson,Home Office,United States,New York City,New York,10024,East,PROD-2095,Furniture,Bookcases,Industrial Wood Bookshelf,484.5,3,0.15,100.95
ORD-2025-10590,2025-12-12,2025-12-16,Standard Class,CUST-1005,Michael Brown,Corporate,United States,New York City,New York,10024,East,PROD-5836,Office Supplies,Art,Faber-Castell Color Pencils,14.4,1,0.2,3.42
ORD-2025-10591,2025-01-23,2025-01-28,First Class,CUST-1010,Sophia Thomas,Corporate,United States,Houston,Texas,77070,Central,PROD-6835,Furniture,Tables,IKEA Bekant Desk,750.0,5,0.4,-125.1
ORD-2025-10592,2025-03-18,2025-03-21,Standard Class,CUST-1010,Sophia Thomas,Home Office,United States,Atlanta,Georgia,30318,South,PROD-5986,Technology,Copiers,Xerox Phaser,2600.0,5,0.0,666.35
ORD-2025-10593,2025-08-15,2025-08-16,Second Class,CUST-1012,Olivia White,Consumer,United States,Detroit,Michigan,48201,Central,PROD-8408,Office Supplies,Paper,Multipurpose Copy Paper 500 Sheets,24.0,2,0.0,7.72
ORD-2025-10594,2025-09-01,2025-09-02,Standard Class,CUST-1011,Robert Jackson,Home Office,United States,New York City,New York,10024,East,PROD-6835,Furniture,Tables,IKEA Bekant Desk,1050.0,7,0.4,-22.22
ORD-2025-10595,2025-10-01,2025-10-05,Standard Class,CUST-1008,Jessica Taylor,Consumer,United States,Houston,Texas,77070,Central,PROD-8073,Technology,Copiers,Canon ImageCLASS,2520.0,7,0.2,575.83
ORD-2025-10596,2025-02-20,2025-02-23,Second Class,CUST-1003,David Smith,Corporate,United States,Los Angeles,California,90036,West,PROD-7425,Furniture,Furnishings,Desk Organizer,50.0,2,0.0,15.39
ORD-2025-10597,2025-12-28,2025-12-29,First Class,CUST-1007,James Wilson,Consumer,United States,Chicago,Illinois,60653,Central,PROD-2095,Furniture,Bookcases,Industrial Wood Bookshelf,532.0,4,0.3,-9.74
ORD-2025-10598,2025-12-02,2025-12-07,Same Day,CUST-1002,Linda Martinez,Corporate,United States,San Francisco,California,94107,West,PROD-1464,Furniture,Furnishings,Floor Lamp LED,220.0,4,0.0,74.55
ORD-2025-10599,2025-04-30,2025-05-01,First Class,CUST-1009,Daniel Anderson,Home Office,United States,Los Angeles,California,90036,West,PROD-5691,Office Supplies,Binders,Clear View Presentation Binder,21.0,5,0.3,0.99
ORD-2025-10600,2025-11-22,2025-11-24,First Class,CUST-1009,Daniel Anderson,Consumer,United States,Boston,Massachusetts,02215,East,PROD-1464,Furniture,Furnishings,Floor Lamp LED,33.0,1,0.4,-7.93
ORD-2025-10601,2025-10-19,2025-10-20,Standard Class,CUST-1008,Jessica Taylor,Corporate,United States,Detroit,Michigan,48201,Central,PROD-5440,Furniture,Bookcases,IKEA Billy Bookcase,356.0,5,0.2,68.93
ORD-2025-10602,2025-07-22,2025-07-24,First Class,CUST-1007,James Wilson,Consumer,United States,Detroit,Michigan,48201,Central,PROD-2095,Furniture,Bookcases,Industrial Wood Bookshelf,513.0,3,0.1,143.5
ORD-2025-10603,2025-04-18,2025-04-23,First Class,CUST-1001,Alex Johnson,Home Office,United States,Boston,Massachusetts,02215,East,PROD-8073,Technology,Copiers,Canon ImageCLASS,427.5,1,0.05,129.61
ORD-2025-10604,2025-12-23,2025-12-27,Standard Class,CUST-1011,Robert Jackson,Home Office,United States,Seattle,Washington,98101,West,PROD-8073,Technology,Copiers,Canon ImageCLASS,945.0,3,0.3,-32.56
ORD-2025-10605,2025-07-03,2025-07-04,Standard Class,CUST-1008,Jessica Taylor,Corporate,United States,Philadelphia,Pennsylvania,19104,East,PROD-3089,Technology,Accessories,Sony WH-1000XM5,296.65,1,0.15,51.62
ORD-2025-10606,2025-12-30,2025-12-31,First Class,CUST-1012,Olivia White,Consumer,United States,Philadelphia,Pennsylvania,19104,East,PROD-9359,Furniture,Chairs,Steelcase Gesture,2808.0,4,0.1,932.66
ORD-2025-10607,2025-11-23,2025-11-26,Same Day,CUST-1003,David Smith,Home Office,United States,Boston,Massachusetts,02215,East,PROD-2439,Office Supplies,Appliances,Electric Kettle,199.5,6,0.05,71.44
ORD-2025-10608,2025-03-07,2025-03-09,First Class,CUST-1010,Sophia Thomas,Consumer,United States,Chicago,Illinois,60653,Central,PROD-6219,Office Supplies,Paper,Cardstock Heavy Weight,66.0,6,0.5,-25.89
ORD-2025-10609,2025-11-08,2025-11-12,Same Day,CUST-1005,Michael Brown,Consumer,United States,Atlanta,Georgia,30318,South,PROD-3961,Furniture,Chairs,Ergonomic Mesh Chair,360.0,2,0.0,128.99
ORD-2025-10610,2025-08-04,2025-08-07,Standard Class,CUST-1007,James Wilson,Consumer,United States,Chicago,Illinois,60653,Central,PROD-8408,Office Supplies,Paper,Multipurpose Copy Paper 500 Sheets,50.4,6,0.3,-2.7
ORD-2025-10611,2025-11-06,2025-11-07,Standard Class,CUST-1001,Alex Johnson,Corporate,United States,Miami,Florida,33180,South,PROD-6703,Office Supplies,Storage,Archive Box Pack of 10,64.0,2,0.0,21.05
ORD-2025-10612,2025-06-24,2025-06-27,Second Class,CUST-1002,Linda Martinez,Home Office,United States,Miami,Florida,33180,South,PROD-5836,Office Supplies,Art,Faber-Castell Color Pencils,18.0,1,0.0,4.72
ORD-2025-10613,2025-12-25,2025-12-26,Second Class,CUST-1001,Alex Johnson,Corporate,United States,San Francisco,California,94107,West,PROD-5836,Office Supplies,Art,Faber-Castell Color Pencils,18.0,1,0.0,5.69
ORD-2025-10614,2025-05-31,2025-06-04,Standard Class,CUST-1010,Sophia Thomas,Corporate,United States,Boston,Massachusetts,02215,East,PROD-4831,Office Supplies,Appliances,Compact Refrigerator,504.0,4,0.3,21.87
ORD-2025-10615,2025-08-08,2025-08-13,Standard Class,CUST-1006,Emily Davis,Home Office,United States,San Francisco,California,94107,West,PROD-1086,Office Supplies,Storage,Plastic Storage Bin 50L,24.0,1,0.0,9.56
ORD-2025-10616,2025-02-04,2025-02-06,Second Class,CUST-1011,Robert Jackson,Home Office,United States,Houston,Texas,77070,Central,PROD-7425,Furniture,Furnishings,Desk Organizer,87.5,5,0.3,-2.44
ORD-2025-10617,2025-12-11,2025-12-15,First Class,CUST-1005,Michael Brown,Home Office,United States,New York City,New York,10024,East,PROD-2095,Furniture,Bookcases,Industrial Wood Bookshelf,456.0,3,0.2,31.04
ORD-2025-10618,2025-09-23,2025-09-25,Standard Class,CUST-1004,Sarah Williams,Home Office,United States,San Francisco,California,94107,West,PROD-6835,Furniture,Tables,IKEA Bekant Desk,1350.0,6,0.1,273.32
ORD-2025-10619,2025-11-27,2025-12-01,First Class,CUST-1010,Sophia Thomas,Home Office,United States,Detroit,Michigan,48201,Central,PROD-5593,Furniture,Furnishings,Anti-Fatigue Standing Mat,80.0,2,0.0,22.53
ORD-2025-10620,2025-01-22,2025-01-23,Second Class,CUST-1012,Olivia White,Consumer,United States,Charlotte,North Carolina,28205,South,PROD-1223,Technology,Accessories,Anker USB-C Hub,216.0,6,0.2,21.31
ORD-2025-10621,2025-10-21,2025-10-22,First Class,CUST-1001,Alex Johnson,Consumer,United States,Chicago,Illinois,60653,Central,PROD-8408,Office Supplies,Paper,Multipurpose Copy Paper 500 Sheets,21.6,3,0.4,-0.24
ORD-2025-10622,2025-11-03,2025-11-05,Second Class,CUST-1005,Michael Brown,Home Office,United States,Philadelphia,Pennsylvania,19104,East,PROD-7862,Office Supplies,Binders,Heavy Duty 3-Ring Binder,17.0,2,0.0,6.35
ORD-2025-10623,2025-05-15,2025-05-16,Second Class,CUST-1007,James Wilson,Home Office,United States,San Francisco,California,94107,West,PROD-8774,Technology,Machines,Epson EcoTank,368.0,2,0.2,36.15
ORD-2025-10624,2025-12-04,2025-12-09,Same Day,CUST-1012,Olivia White,Consumer,United States,Los Angeles,California,90036,West,PROD-6295,Technology,Accessories,Logitech MX Master 3,346.5,5,0.3,-2.06
ORD-2025-10625,2025-06-12,2025-06-14,Standard Class,CUST-1010,Sophia Thomas,Home Office,United States,Boston,Massachusetts,02215,East,PROD-6532,Furniture,Tables,Solid Oak Dining Table,1200.0,2,0.0,366.7
ORD-2025-10626,2025-05-24,2025-05-29,Same Day,CUST-1004,Sarah Williams,Home Office,United States,San Francisco,California,94107,West,PROD-4831,Office Supplies,Appliances,Compact Refrigerator,252.0,2,0.3,-4.57
ORD-2025-10627,2025-11-27,2025-11-30,Same Day,CUST-1009,Daniel Anderson,Corporate,United States,Philadelphia,Pennsylvania,19104,East,PROD-6703,Office Supplies,Storage,Archive Box Pack of 10,115.2,6,0.4,-13.64
ORD-2025-10628,2025-10-25,2025-10-30,Standard Class,CUST-1004,Sarah Williams,Consumer,United States,Philadelphia,Pennsylvania,19104,East,PROD-8073,Technology,Copiers,Canon ImageCLASS,945.0,3,0.3,-44.96
ORD-2025-10629,2025-11-14,2025-11-17,Standard Class,CUST-1003,David Smith,Consumer,United States,Houston,Texas,77070,Central,PROD-1086,Office Supplies,Storage,Plastic Storage Bin 50L,120.0,5,0.0,36.82
ORD-2025-10630,2025-08-07,2025-08-11,Same Day,CUST-1006,Emily Davis,Corporate,United States,Houston,Texas,77070,Central,PROD-4843,Furniture,Chairs,Herman Miller Aeron,2720.0,4,0.2,496.86
ORD-2025-10631,2025-12-01,2025-12-06,Standard Class,CUST-1005,Michael Brown,Consumer,United States,Los Angeles,California,90036,West,PROD-8011,Technology,Machines,HP LaserJet Pro,1260.0,5,0.1,349.91
ORD-2025-10632,2025-11-05,2025-11-08,Second Class,CUST-1012,Olivia White,Home Office,United States,Boston,Massachusetts,02215,East,PROD-8134,Office Supplies,Appliances,Microwave Oven 900W,93.5,1,0.15,22.85
ORD-2025-10633,2025-06-27,2025-07-01,Same Day,CUST-1010,Sophia Thomas,Home Office,United States,San Francisco,California,94107,West,PROD-4831,Office Supplies,Appliances,Compact Refrigerator,882.0,7,0.3,82.99
ORD-2025-10634,2025-04-18,2025-04-23,Same Day,CUST-1012,Olivia White,Corporate,United States,Chicago,Illinois,60653,Central,PROD-6532,Furniture,Tables,Solid Oak Dining Table,2100.0,7,0.5,-957.35
ORD-2025-10635,2025-01-16,2025-01-21,Second Class,CUST-1005,Michael Brown,Home Office,United States,San Francisco,California,94107,West,PROD-6703,Office Supplies,Storage,Archive Box Pack of 10,44.8,2,0.3,2.31
ORD-2025-10636,2025-07-26,2025-07-31,First Class,CUST-1006,Emily Davis,Home Office,United States,Seattle,Washington,98101,West,PROD-6295,Technology,Accessories,Logitech MX Master 3,207.9,3,0.3,-13.97
ORD-2025-10637,2025-04-15,2025-04-16,Same Day,CUST-1004,Sarah Williams,Corporate,United States,San Francisco,California,94107,West,PROD-3307,Office Supplies,Art,Acrylic Paint Set,26.6,1,0.05,9.36
ORD-2025-10638,2025-12-25,2025-12-30,Same Day,CUST-1001,Alex Johnson,Consumer,United States,New York City,New York,10024,East,PROD-5440,Furniture,Bookcases,IKEA Billy Bookcase,151.3,2,0.15,26.89
ORD-2025-10639,2025-02-05,2025-02-08,Standard Class,CUST-1003,David Smith,Corporate,United States,Atlanta,Georgia,30318,South,PROD-3776,Technology,Phones,Apple iPhone 14,2796.5,5,0.3,112.91
ORD-2025-10640,2025-02-05,2025-02-07,Second Class,CUST-1004,Sarah Williams,Corporate,United States,Charlotte,North Carolina,28205,South,PROD-5836,Office Supplies,Art,Faber-Castell Color Pencils,76.5,5,0.15,14.57
ORD-2025-10641,2025-09-15,2025-09-19,First Class,CUST-1004,Sarah Williams,Consumer,United States,Philadelphia,Pennsylvania,19104,East,PROD-8073,Technology,Copiers,Canon ImageCLASS,1800.0,5,0.2,142.77
ORD-2025-10642,2025-09-09,2025-09-14,Standard Class,CUST-1012,Olivia White,Consumer,United States,Detroit,Michigan,48201,Central,PROD-2095,Furniture,Bookcases,Industrial Wood Bookshelf,722.0,4,0.05,245.53
ORD-2025-10643,2025-11-13,2025-11-17,Same Day,CUST-1011,Robert Jackson,Consumer,United States,San Francisco,California,94107,West,PROD-8408,Office Supplies,Paper,Multipurpose Copy Paper 500 Sheets,79.8,7,0.05,25.95
ORD-2025-10644,2025-11-18,2025-11-19,Second Class,CUST-1008,Jessica Taylor,Corporate,United States,San Francisco,California,94107,West,PROD-8403,Technology,Phones,Google Pixel 7,3354.4,7,0.2,580.67
ORD-2025-10645,2025-12-01,2025-12-02,Same Day,CUST-1001,Alex Johnson,Consumer,United States,Atlanta,Georgia,30318,South,PROD-1464,Furniture,Furnishings,Floor Lamp LED,220.0,4,0.0,87.65
ORD-2025-10646,2025-02-28,2025-03-02,First Class,CUST-1011,Robert Jackson,Home Office,United States,Atlanta,Georgia,30318,South,PROD-4843,Furniture,Chairs,Herman Miller Aeron,3825.0,5,0.1,820.09
ORD-2025-10647,2025-11-02,2025-11-04,Second Class,CUST-1001,Alex Johnson,Home Office,United States,Los Angeles,California,90036,West,PROD-3961,Furniture,Chairs,Ergonomic Mesh Chair,756.0,6,0.3,80.71
ORD-2025-10648,2025-12-10,2025-12-13,Second Class,CUST-1008,Jessica Taylor,Corporate,United States,New York City,New York,10024,East,PROD-8408,Office Supplies,Paper,Multipurpose Copy Paper 500 Sheets,48.0,4,0.0,13.18
ORD-2025-10649,2025-09-25,2025-09-26,Same Day,CUST-1012,Olivia White,Corporate,United States,Miami,Florida,33180,South,PROD-8408,Office Supplies,Paper,Multipurpose Copy Paper 500 Sheets,58.8,7,0.3,-1.27
ORD-2025-10650,2025-05-08,2025-05-10,Second Class,CUST-1002,Linda Martinez,Consumer,United States,Miami,Florida,33180,South,PROD-8011,Technology,Machines,HP LaserJet Pro,1680.0,6,0.0,616.42
ORD-2025-10651,2025-02-19,2025-02-21,Second Class,CUST-1001,Alex Johnson,Corporate,United States,San Francisco,California,94107,West,PROD-8765,Furniture,Tables,Conference Table,1050.0,2,0.3,-61.26
ORD-2025-10652,2025-10-11,2025-10-14,First Class,CUST-1003,David Smith,Consumer,United States,Charlotte,North Carolina,28205,South,PROD-9359,Furniture,Chairs,Steelcase Gesture,936.0,2,0.4,-51.5
ORD-2025-10653,2025-12-03,2025-12-08,First Class,CUST-1001,Alex Johnson,Consumer,United States,Philadelphia,Pennsylvania,19104,East,PROD-1464,Furniture,Furnishings,Floor Lamp LED,313.5,6,0.05,103.03
ORD-2025-10654,2025-02-18,2025-02-22,Second Class,CUST-1006,Emily Davis,Consumer,United States,Detroit,Michigan,48201,Central,PROD-9359,Furniture,Chairs,Steelcase Gesture,546.0,1,0.3,19.1
ORD-2025-10655,2025-12-27,2025-12-29,Standard Class,CUST-1010,Sophia Thomas,Consumer,United States,Chicago,Illinois,60653,Central,PROD-5836,Office Supplies,Art,Faber-Castell Color Pencils,54.0,5,0.4,-6.73
ORD-2025-10656,2025-10-24,2025-10-25,Second Class,CUST-1012,Olivia White,Home Office,United States,Charlotte,North Carolina,28205,South,PROD-6532,Furniture,Tables,Solid Oak Dining Table,1800.0,3,0.0,579.36
ORD-2025-10657,2025-08-01,2025-08-04,Standard Class,CUST-1004,Sarah Williams,Home Office,United States,Houston,Texas,77070,Central,PROD-3089,Technology,Accessories,Sony WH-1000XM5,314.1,1,0.1,68.25
ORD-2025-10658,2025-04-24,2025-04-28,First Class,CUST-1003,David Smith,Corporate,United States,Los Angeles,California,90036,West,PROD-4843,Furniture,Chairs,Herman Miller Aeron,807.5,1,0.05,177.87
ORD-2025-10659,2025-12-12,2025-12-17,Second Class,CUST-1004,Sarah Williams,Home Office,United States,San Francisco,California,94107,West,PROD-3307,Office Supplies,Art,Acrylic Paint Set,50.4,2,0.1,14.74
ORD-2025-10660,2025-04-01,2025-04-04,First Class,CUST-1010,Sophia Thomas,Corporate,United States,Philadelphia,Pennsylvania,19104,East,PROD-9359,Furniture,Chairs,Steelcase Gesture,2184.0,4,0.3,233.49
ORD-2025-10661,2025-08-14,2025-08-19,Same Day,CUST-1003,David Smith,Corporate,United States,San Francisco,California,94107,West,PROD-9359,Furniture,Chairs,Steelcase Gesture,3705.0,5,0.05,1041.58
ORD-2025-10662,2025-11-26,2025-11-29,Same Day,CUST-1005,Michael Brown,Corporate,United States,Miami,Florida,33180,South,PROD-8765,Furniture,Tables,Conference Table,2700.0,4,0.1,830.37
ORD-2025-10663,2025-12-01,2025-12-04,Same Day,CUST-1007,James Wilson,Corporate,United States,Charlotte,North Carolina,28205,South,PROD-5593,Furniture,Furnishings,Anti-Fatigue Standing Mat,120.0,3,0.0,40.64
ORD-2025-10664,2025-01-20,2025-01-21,Same Day,CUST-1010,Sophia Thomas,Consumer,United States,Philadelphia,Pennsylvania,19104,East,PROD-2095,Furniture,Bookcases,Industrial Wood Bookshelf,912.0,6,0.2,108.91
ORD-2025-10665,2025-11-30,2025-12-04,Second Class,CUST-1004,Sarah Williams,Corporate,United States,San Francisco,California,94107,West,PROD-8408,Office Supplies,Paper,Multipurpose Copy Paper 500 Sheets,21.6,3,0.4,-5.1
ORD-2025-10666,2025-12-14,2025-12-19,Second Class,CUST-1001,Alex Johnson,Consumer,United States,Seattle,Washington,98101,West,PROD-3307,Office Supplies,Art,Acrylic Paint Set,168.0,6,0.0,54.13
ORD-2025-10667,2025-04-07,2025-04-09,Same Day,CUST-1005,Michael Brown,Home Office,United States,Detroit,Michigan,48201,Central,PROD-3307,Office Supplies,Art,Acrylic Paint Set,117.6,6,0.3,-6.49
ORD-2025-10668,2025-12-10,2025-12-13,Second Class,CUST-1005,Michael Brown,Home Office,United States,Boston,Massachusetts,02215,East,PROD-5440,Furniture,Bookcases,IKEA Billy Bookcase,106.8,2,0.4,-0.04
ORD-2025-10669,2025-02-05,2025-02-09,Same Day,CUST-1011,Robert Jackson,Corporate,United States,Miami,Florida,33180,South,PROD-8011,Technology,Machines,HP LaserJet Pro,1596.0,6,0.05,538.1
ORD-2025-10670,2025-04-04,2025-04-05,Same Day,CUST-1010,Sophia Thomas,Consumer,United States,New York City,New York,10024,East,PROD-6295,Technology,Accessories,Logitech MX Master 3,207.9,3,0.3,10.07
ORD-2025-10671,2025-12-18,2025-12-20,Standard Class,CUST-1005,Michael Brown,Consumer,United States,Miami,Florida,33180,South,PROD-9359,Furniture,Chairs,Steelcase Gesture,702.0,1,0.1,178.09
ORD-2025-10672,2025-12-11,2025-12-12,Standard Class,CUST-1005,Michael Brown,Consumer,United States,Los Angeles,California,90036,West,PROD-4966,Technology,Phones,Samsung Galaxy S23,2970.75,5,0.15,385.08
ORD-2025-10673,2025-08-31,2025-09-05,Same Day,CUST-1006,Emily Davis,Corporate,United States,Houston,Texas,77070,Central,PROD-6301,Technology,Machines,Brother HL-L2350DW,448.0,4,0.3,-29.63
ORD-2025-10674,2025-06-19,2025-06-20,Same Day,CUST-1012,Olivia White,Corporate,United States,New York City,New York,10024,East,PROD-6219,Office Supplies,Paper,Cardstock Heavy Weight,118.8,6,0.1,32.31
ORD-2025-10675,2025-11-13,2025-11-17,Same Day,CUST-1011,Robert Jackson,Consumer,United States,Seattle,Washington,98101,West,PROD-3961,Furniture,Chairs,Ergonomic Mesh Chair,540.0,3,0.0,137.46
ORD-2025-10676,2025-06-16,2025-06-18,Same Day,CUST-1007,James Wilson,Home Office,United States,San Francisco,California,94107,West,PROD-7425,Furniture,Furnishings,Desk Organizer,175.0,7,0.0,50.73
ORD-2025-10677,2025-05-31,2025-06-02,Standard Class,CUST-1003,David Smith,Corporate,United States,San Francisco,California,94107,West,PROD-8134,Office Supplies,Appliances,Microwave Oven 900W,132.0,2,0.4,-31.52
ORD-2025-10678,2025-09-04,2025-09-06,Second Class,CUST-1004,Sarah Williams,Consumer,United States,Los Angeles,California,90036,West,PROD-4843,Furniture,Chairs,Herman Miller Aeron,1785.0,3,0.3,-38.11
ORD-2025-10679,2025-04-23,2025-04-27,Standard Class,CUST-1011,Robert Jackson,Consumer,United States,Miami,Florida,33180,South,PROD-1086,Office Supplies,Storage,Plastic Storage Bin 50L,120.0,5,0.0,36.41
ORD-2025-10680,2025-07-13,2025-07-17,Same Day,CUST-1004,Sarah Williams,Consumer,United States,Chicago,Illinois,60653,Central,PROD-4843,Furniture,Chairs,Herman Miller Aeron,680.0,1,0.2,50.51
ORD-2025-10681,2025-03-01,2025-03-03,First Class,CUST-1007,James Wilson,Home Office,United States,San Francisco,California,94107,West,PROD-1223,Technology,Accessories,Anker USB-C Hub,144.0,4,0.2,15.18
ORD-2025-10682,2025-12-14,2025-12-16,Second Class,CUST-1002,Linda Martinez,Corporate,United States,Seattle,Washington,98101,West,PROD-5440,Furniture,Bookcases,IKEA Billy Bookcase,529.55,7,0.15,77.51
ORD-2025-10683,2025-09-13,2025-09-15,First Class,CUST-1003,David Smith,Home Office,United States,Seattle,Washington,98101,West,PROD-5440,Furniture,Bookcases,IKEA Billy Bookcase,160.2,3,0.4,-25.27
ORD-2025-10684,2025-04-21,2025-04-25,Standard Class,CUST-1006,Emily Davis,Consumer,United States,Boston,Massachusetts,02215,East,PROD-3776,Technology,Phones,Apple iPhone 14,3355.8,7,0.4,-610.25
ORD-2025-10685,2025-06-03,2025-06-05,Standard Class,CUST-1009,Daniel Anderson,Corporate,United States,Houston,Texas,77070,Central,PROD-3307,Office Supplies,Art,Acrylic Paint Set,117.6,7,0.4,-8.3
ORD-2025-10686,2025-04-10,2025-04-15,Same Day,CUST-1002,Linda Martinez,Consumer,United States,Detroit,Michigan,48201,Central,PROD-8774,Technology,Machines,Epson EcoTank,1311.0,6,0.05,391.53
ORD-2025-10687,2025-10-16,2025-10-18,Second Class,CUST-1012,Olivia White,Consumer,United States,San Francisco,California,94107,West,PROD-4831,Office Supplies,Appliances,Compact Refrigerator,1026.0,6,0.05,317.0
ORD-2025-10688,2025-08-07,2025-08-09,Standard Class,CUST-1002,Linda Martinez,Corporate,United States,Miami,Florida,33180,South,PROD-8403,Technology,Phones,Google Pixel 7,2875.2,6,0.2,398.9
ORD-2025-10689,2025-03-18,2025-03-22,Second Class,CUST-1001,Alex Johnson,Consumer,United States,Philadelphia,Pennsylvania,19104,East,PROD-5440,Furniture,Bookcases,IKEA Billy Bookcase,373.8,6,0.3,-8.75
ORD-2025-10690,2025-12-10,2025-12-14,Same Day,CUST-1005,Michael Brown,Home Office,United States,Atlanta,Georgia,30318,South,PROD-3776,Technology,Phones,Apple iPhone 14,799.0,1,0.0,260.97
ORD-2025-10691,2025-12-09,2025-12-11,Standard Class,CUST-1010,Sophia Thomas,Home Office,United States,Atlanta,Georgia,30318,South,PROD-8408,Office Supplies,Paper,Multipurpose Copy Paper 500 Sheets,28.8,4,0.4,-7.2
ORD-2025-10692,2025-12-26,2025-12-31,Second Class,CUST-1002,Linda Martinez,Corporate,United States,Seattle,Washington,98101,West,PROD-5691,Office Supplies,Binders,Clear View Presentation Binder,42.0,7,0.0,14.32
ORD-2025-10693,2025-10-02,2025-10-07,Same Day,CUST-1002,Linda Martinez,Home Office,United States,Los Angeles,California,90036,West,PROD-8408,Office Supplies,Paper,Multipurpose Copy Paper 500 Sheets,79.8,7,0.05,29.33
ORD-2025-10694,2025-08-17,2025-08-18,Standard Class,CUST-1003,David Smith,Home Office,United States,Boston,Massachusetts,02215,East,PROD-8403,Technology,Phones,Google Pixel 7,1797.0,3,0.0,695.99
ORD-2025-10695,2025-03-05,2025-03-08,Second Class,CUST-1007,James Wilson,Home Office,United States,Los Angeles,California,90036,West,PROD-3961,Furniture,Chairs,Ergonomic Mesh Chair,1071.0,7,0.15,190.42
ORD-2025-10696,2025-11-29,2025-12-02,First Class,CUST-1010,Sophia Thomas,Home Office,United States,Boston,Massachusetts,02215,East,PROD-3776,Technology,Phones,Apple iPhone 14,719.1,1,0.1,222.72
ORD-2025-10697,2025-04-21,2025-04-26,Second Class,CUST-1010,Sophia Thomas,Corporate,United States,Chicago,Illinois,60653,Central,PROD-8134,Office Supplies,Appliances,Microwave Oven 900W,77.0,1,0.3,4.4
ORD-2025-10698,2025-02-12,2025-02-16,Second Class,CUST-1009,Daniel Anderson,Consumer,United States,Seattle,Washington,98101,West,PROD-1086,Office Supplies,Storage,Plastic Storage Bin 50L,115.2,6,0.2,16.63
ORD-2025-10699,2025-11-28,2025-12-03,Second Class,CUST-1007,James Wilson,Consumer,United States,Houston,Texas,77070,Central,PROD-3961,Furniture,Chairs,Ergonomic Mesh Chair,288.0,2,0.2,35.07
ORD-2025-10700,2025-12-18,2025-12-19,First Class,CUST-1006,Emily Davis,Corporate,United States,New York City,New York,10024,East,PROD-4843,Furniture,Chairs,Herman Miller Aeron,3060.0,4,0.1,826.9
ORD-2025-10701,2025-02-23,2025-02-24,Second Class,CUST-1009,Daniel Anderson,Home Office,United States,Detroit,Michigan,48201,Central,PROD-3961,Furniture,Chairs,Ergonomic Mesh Chair,459.0,3,0.15,85.8
ORD-2025-10702,2025-11-16,2025-11-18,First Class,CUST-1012,Olivia White,Home Office,United States,Atlanta,Georgia,30318,South,PROD-5691,Office Supplies,Binders,Clear View Presentation Binder,5.7,1,0.05,1.51
ORD-2025-10703,2025-03-15,2025-03-18,Standard Class,CUST-1012,Olivia White,Home Office,United States,Detroit,Michigan,48201,Central,PROD-5986,Technology,Copiers,Xerox Phaser,624.0,2,0.4,-124.56
ORD-2025-10704,2025-11-21,2025-11-26,Second Class,CUST-1005,Michael Brown,Home Office,United States,San Francisco,California,94107,West,PROD-5440,Furniture,Bookcases,IKEA Billy Bookcase,534.0,6,0.0,207.46
ORD-2025-10705,2025-05-03,2025-05-05,Standard Class,CUST-1002,Linda Martinez,Home Office,United States,Detroit,Michigan,48201,Central,PROD-9359,Furniture,Chairs,Steelcase Gesture,4446.0,6,0.05,1276.46
ORD-2025-10706,2025-12-13,2025-12-14,Same Day,CUST-1001,Alex Johnson,Home Office,United States,Boston,Massachusetts,02215,East,PROD-5986,Technology,Copiers,Xerox Phaser,1040.0,2,0.0,321.25
ORD-2025-10707,2025-03-28,2025-04-02,Second Class,CUST-1003,David Smith,Consumer,United States,Chicago,Illinois,60653,Central,PROD-1086,Office Supplies,Storage,Plastic Storage Bin 50L,57.6,4,0.4,-13.96
ORD-2025-10708,2025-06-23,2025-06-25,Standard Class,CUST-1005,Michael Brown,Corporate,United States,Atlanta,Georgia,30318,South,PROD-6835,Furniture,Tables,IKEA Bekant Desk,1050.0,6,0.3,101.07
ORD-2025-10709,2025-06-06,2025-06-11,Standard Class,CUST-1008,Jessica Taylor,Home Office,United States,Miami,Florida,33180,South,PROD-3961,Furniture,Chairs,Ergonomic Mesh Chair,576.0,4,0.2,111.78
ORD-2025-10710,2025-12-29,2025-12-31,Same Day,CUST-1006,Emily Davis,Consumer,United States,San Francisco,California,94107,West,PROD-6835,Furniture,Tables,IKEA Bekant Desk,1187.5,5,0.05,360.49
ORD-2025-10711,2025-12-21,2025-12-24,Second Class,CUST-1008,Jessica Taylor,Corporate,United States,Houston,Texas,77070,Central,PROD-1464,Furniture,Furnishings,Floor Lamp LED,137.5,5,0.5,-54.57
ORD-2025-10712,2025-11-12,2025-11-16,Standard Class,CUST-1006,Emily Davis,Home Office,United States,New York City,New York,10024,East,PROD-8011,Technology,Machines,HP LaserJet Pro,392.0,2,0.3,20.63
ORD-2025-10713,2025-06-19,2025-06-21,Second Class,CUST-1008,Jessica Taylor,Home Office,United States,Chicago,Illinois,60653,Central,PROD-7425,Furniture,Furnishings,Desk Organizer,50.0,4,0.5,-17.53
ORD-2025-10714,2025-10-11,2025-10-12,Second Class,CUST-1003,David Smith,Corporate,United States,Seattle,Washington,98101,West,PROD-8403,Technology,Phones,Google Pixel 7,3354.4,7,0.2,568.36
ORD-2025-10715,2025-11-02,2025-11-06,Same Day,CUST-1005,Michael Brown,Corporate,United States,Miami,Florida,33180,South,PROD-8765,Furniture,Tables,Conference Table,1425.0,2,0.05,468.87
ORD-2025-10716,2025-02-28,2025-03-02,Same Day,CUST-1004,Sarah Williams,Corporate,United States,Seattle,Washington,98101,West,PROD-2439,Office Supplies,Appliances,Electric Kettle,63.0,2,0.1,10.58
ORD-2025-10717,2025-10-30,2025-11-01,Second Class,CUST-1002,Linda Martinez,Consumer,United States,Miami,Florida,33180,South,PROD-6835,Furniture,Tables,IKEA Bekant Desk,1000.0,4,0.0,307.53
ORD-2025-10718,2025-02-16,2025-02-20,Same Day,CUST-1009,Daniel Anderson,Corporate,United States,New York City,New York,10024,East,PROD-5593,Furniture,Furnishings,Anti-Fatigue Standing Mat,28.0,1,0.3,0.14
ORD-2025-10719,2025-11-13,2025-11-16,First Class,CUST-1012,Olivia White,Corporate,United States,Philadelphia,Pennsylvania,19104,East,PROD-6295,Technology,Accessories,Logitech MX Master 3,99.0,1,0.0,29.79
ORD-2025-10720,2025-11-27,2025-11-30,Standard Class,CUST-1007,James Wilson,Consumer,United States,Houston,Texas,77070,Central,PROD-2095,Furniture,Bookcases,Industrial Wood Bookshelf,190.0,1,0.0,56.54
ORD-2025-10721,2025-12-31,2026-01-03,First Class,CUST-1004,Sarah Williams,Home Office,United States,Chicago,Illinois,60653,Central,PROD-5836,Office Supplies,Art,Faber-Castell Color Pencils,17.1,1,0.05,4.68
ORD-2025-10722,2025-01-22,2025-01-24,Second Class,CUST-1012,Olivia White,Corporate,United States,Los Angeles,California,90036,West,PROD-8134,Office Supplies,Appliances,Microwave Oven 900W,198.0,3,0.4,-48.99
ORD-2025-10723,2025-04-14,2025-04-16,Standard Class,CUST-1003,David Smith,Consumer,United States,Charlotte,North Carolina,28205,South,PROD-6703,Office Supplies,Storage,Archive Box Pack of 10,57.6,3,0.4,-9.07
ORD-2025-10724,2025-03-02,2025-03-03,Same Day,CUST-1007,James Wilson,Home Office,United States,Los Angeles,California,90036,West,PROD-1086,Office Supplies,Storage,Plastic Storage Bin 50L,72.0,3,0.0,18.48
ORD-2025-10725,2025-02-01,2025-02-03,Same Day,CUST-1008,Jessica Taylor,Home Office,United States,Los Angeles,California,90036,West,PROD-7425,Furniture,Furnishings,Desk Organizer,122.5,7,0.3,6.98
ORD-2025-10726,2025-09-28,2025-09-30,Second Class,CUST-1010,Sophia Thomas,Home Office,United States,Seattle,Washington,98101,West,PROD-2095,Furniture,Bookcases,Industrial Wood Bookshelf,1197.0,7,0.1,339.88
ORD-2025-10727,2025-05-18,2025-05-20,Second Class,CUST-1001,Alex Johnson,Home Office,United States,Philadelphia,Pennsylvania,19104,East,PROD-1223,Technology,Accessories,Anker USB-C Hub,76.5,2,0.15,10.71
ORD-2025-10728,2025-01-27,2025-01-29,Second Class,CUST-1009,Daniel Anderson,Consumer,United States,Seattle,Washington,98101,West,PROD-2095,Furniture,Bookcases,Industrial Wood Bookshelf,161.5,1,0.15,26.92
ORD-2025-10729,2025-07-29,2025-08-01,First Class,CUST-1001,Alex Johnson,Home Office,United States,San Francisco,California,94107,West,PROD-8011,Technology,Machines,HP LaserJet Pro,840.0,3,0.0,268.29
ORD-2025-10730,2025-12-25,2025-12-29,First Class,CUST-1011,Robert Jackson,Home Office,United States,Philadelphia,Pennsylvania,19104,East,PROD-8774,Technology,Machines,Epson EcoTank,322.0,2,0.3,35.26
ORD-2025-10731,2025-04-29,2025-05-03,First Class,CUST-1003,David Smith,Corporate,United States,San Francisco,California,94107,West,PROD-8073,Technology,Copiers,Canon ImageCLASS,2992.5,7,0.05,1013.26
ORD-2025-10732,2025-09-09,2025-09-11,First Class,CUST-1001,Alex Johnson,Corporate,United States,New York City,New York,10024,East,PROD-6835,Furniture,Tables,IKEA Bekant Desk,500.0,2,0.0,168.02
ORD-2025-10733,2025-08-21,2025-08-25,Standard Class,CUST-1012,Olivia White,Home Office,United States,Boston,Massachusetts,02215,East,PROD-4966,Technology,Phones,Samsung Galaxy S23,2796.0,4,0.0,1072.25
ORD-2025-10734,2025-01-07,2025-01-08,Second Class,CUST-1004,Sarah Williams,Consumer,United States,Chicago,Illinois,60653,Central,PROD-4831,Office Supplies,Appliances,Compact Refrigerator,1260.0,7,0.0,483.9
ORD-2025-10735,2025-06-23,2025-06-24,Second Class,CUST-1003,David Smith,Corporate,United States,Miami,Florida,33180,South,PROD-2095,Furniture,Bookcases,Industrial Wood Bookshelf,342.0,2,0.1,110.82
ORD-2025-10736,2025-12-06,2025-12-07,Standard Class,CUST-1001,Alex Johnson,Consumer,United States,Chicago,Illinois,60653,Central,PROD-5836,Office Supplies,Art,Faber-Castell Color Pencils,9.0,1,0.5,-2.84
ORD-2025-10737,2025-06-30,2025-07-02,Same Day,CUST-1011,Robert Jackson,Home Office,United States,San Francisco,California,94107,West,PROD-3776,Technology,Phones,Apple iPhone 14,679.15,1,0.15,156.93
ORD-2025-10738,2025-11-13,2025-11-14,Standard Class,CUST-1010,Sophia Thomas,Consumer,United States,Philadelphia,Pennsylvania,19104,East,PROD-1086,Office Supplies,Storage,Plastic Storage Bin 50L,100.8,6,0.3,11.16
ORD-2025-10739,2025-12-08,2025-12-13,First Class,CUST-1006,Emily Davis,Consumer,United States,Houston,Texas,77070,Central,PROD-6703,Office Supplies,Storage,Archive Box Pack of 10,224.0,7,0.0,60.65
ORD-2025-10740,2025-03-18,2025-03-20,First Class,CUST-1003,David Smith,Corporate,United States,Charlotte,North Carolina,28205,South,PROD-4843,Furniture,Chairs,Herman Miller Aeron,2975.0,5,0.3,-186.74
ORD-2025-10741,2025-11-08,2025-11-10,Second Class,CUST-1007,James Wilson,Corporate,United States,Houston,Texas,77070,Central,PROD-7425,Furniture,Furnishings,Desk Organizer,70.0,4,0.3,4.25
ORD-2025-10742,2025-10-09,2025-10-14,Same Day,CUST-1009,Daniel Anderson,Home Office,United States,Philadelphia,Pennsylvania,19104,East,PROD-8073,Technology,Copiers,Canon ImageCLASS,2700.0,6,0.0,984.75
ORD-2025-10743,2025-09-30,2025-10-03,Same Day,CUST-1003,David Smith,Consumer,United States,San Francisco,California,94107,West,PROD-6532,Furniture,Tables,Solid Oak Dining Table,2280.0,4,0.05,539.31
ORD-2025-10744,2025-10-10,2025-10-14,Second Class,CUST-1004,Sarah Williams,Consumer,United States,Seattle,Washington,98101,West,PROD-8403,Technology,Phones,Google Pixel 7,3414.3,6,0.05,1054.41
ORD-2025-10745,2025-01-14,2025-01-18,First Class,CUST-1001,Alex Johnson,Home Office,United States,Seattle,Washington,98101,West,PROD-6219,Office Supplies,Paper,Cardstock Heavy Weight,146.3,7,0.05,53.2
ORD-2025-10746,2025-10-29,2025-10-30,Standard Class,CUST-1010,Sophia Thomas,Corporate,United States,New York City,New York,10024,East,PROD-8765,Furniture,Tables,Conference Table,3187.5,5,0.15,673.02
ORD-2025-10747,2025-06-22,2025-06-23,First Class,CUST-1002,Linda Martinez,Consumer,United States,Seattle,Washington,98101,West,PROD-3089,Technology,Accessories,Sony WH-1000XM5,698.0,2,0.0,237.7
ORD-2025-10748,2025-08-05,2025-08-09,First Class,CUST-1010,Sophia Thomas,Home Office,United States,Detroit,Michigan,48201,Central,PROD-8073,Technology,Copiers,Canon ImageCLASS,1350.0,3,0.0,341.97
ORD-2025-10749,2025-03-06,2025-03-10,Standard Class,CUST-1004,Sarah Williams,Corporate,United States,Boston,Massachusetts,02215,East,PROD-4831,Office Supplies,Appliances,Compact Refrigerator,756.0,7,0.4,-90.23
ORD-2025-10750,2025-12-01,2025-12-05,Second Class,CUST-1001,Alex Johnson,Corporate,United States,Miami,Florida,33180,South,PROD-4843,Furniture,Chairs,Herman Miller Aeron,680.0,1,0.2,93.09
ORD-2025-10751,2025-11-03,2025-11-05,Standard Class,CUST-1002,Linda Martinez,Consumer,United States,San Francisco,California,94107,West,PROD-3089,Technology,Accessories,Sony WH-1000XM5,314.1,1,0.1,90.61
ORD-2025-10752,2025-10-19,2025-10-24,Same Day,CUST-1001,Alex Johnson,Consumer,United States,Chicago,Illinois,60653,Central,PROD-9359,Furniture,Chairs,Steelcase Gesture,4641.0,7,0.15,955.32
ORD-2025-10753,2025-06-11,2025-06-14,Second Class,CUST-1012,Olivia White,Home Office,United States,San Francisco,California,94107,West,PROD-3961,Furniture,Chairs,Ergonomic Mesh Chair,1197.0,7,0.05,436.52
ORD-2025-10754,2025-07-15,2025-07-16,First Class,CUST-1003,David Smith,Consumer,United States,Miami,Florida,33180,South,PROD-8408,Office Supplies,Paper,Multipurpose Copy Paper 500 Sheets,22.8,2,0.05,5.63
ORD-2025-10755,2025-03-24,2025-03-29,First Class,CUST-1008,Jessica Taylor,Consumer,United States,Houston,Texas,77070,Central,PROD-1464,Furniture,Furnishings,Floor Lamp LED,264.0,6,0.2,18.58
ORD-2025-10756,2025-10-18,2025-10-22,Standard Class,CUST-1001,Alex Johnson,Consumer,United States,Detroit,Michigan,48201,Central,PROD-8073,Technology,Copiers,Canon ImageCLASS,1080.0,4,0.4,-43.6
ORD-2025-10757,2025-05-24,2025-05-27,Standard Class,CUST-1002,Linda Martinez,Consumer,United States,Atlanta,Georgia,30318,South,PROD-2095,Furniture,Bookcases,Industrial Wood Bookshelf,1083.0,6,0.05,238.29
ORD-2025-10758,2025-10-19,2025-10-22,First Class,CUST-1007,James Wilson,Corporate,United States,Philadelphia,Pennsylvania,19104,East,PROD-2095,Furniture,Bookcases,Industrial Wood Bookshelf,133.0,1,0.3,4.58
ORD-2025-10759,2025-05-15,2025-05-16,Standard Class,CUST-1012,Olivia White,Consumer,United States,Los Angeles,California,90036,West,PROD-8774,Technology,Machines,Epson EcoTank,322.0,2,0.3,-12.91
ORD-2025-10760,2025-04-25,2025-04-29,Standard Class,CUST-1006,Emily Davis,Corporate,United States,Charlotte,North Carolina,28205,South,PROD-5836,Office Supplies,Art,Faber-Castell Color Pencils,17.1,1,0.05,4.32
ORD-2025-10761,2025-07-23,2025-07-25,Same Day,CUST-1006,Emily Davis,Consumer,United States,Houston,Texas,77070,Central,PROD-5836,Office Supplies,Art,Faber-Castell Color Pencils,54.0,6,0.5,-11.42
ORD-2025-10762,2025-03-21,2025-03-23,Second Class,CUST-1006,Emily Davis,Home Office,United States,Seattle,Washington,98101,West,PROD-9359,Furniture,Chairs,Steelcase Gesture,3822.0,7,0.3,-255.44
ORD-2025-10763,2025-09-30,2025-10-04,First Class,CUST-1005,Michael Brown,Home Office,United States,New York City,New York,10024,East,PROD-4966,Technology,Phones,Samsung Galaxy S23,2796.0,4,0.0,993.28
ORD-2025-10764,2025-12-31,2026-01-04,Second Class,CUST-1011,Robert Jackson,Corporate,United States,New York City,New York,10024,East,PROD-5986,Technology,Copiers,Xerox Phaser,3094.0,7,0.15,820.16
ORD-2025-10765,2025-06-28,2025-07-02,Same Day,CUST-1009,Daniel Anderson,Home Office,United States,Boston,Massachusetts,02215,East,PROD-2095,Furniture,Bookcases,Industrial Wood Bookshelf,1330.0,7,0.0,420.1
ORD-2025-10766,2025-12-29,2026-01-03,Second Class,CUST-1006,Emily Davis,Home Office,United States,Chicago,Illinois,60653,Central,PROD-8073,Technology,Copiers,Canon ImageCLASS,900.0,4,0.5,-250.96
ORD-2025-10767,2025-01-02,2025-01-04,Same Day,CUST-1011,Robert Jackson,Home Office,United States,Los Angeles,California,90036,West,PROD-1223,Technology,Accessories,Anker USB-C Hub,256.5,6,0.05,70.16
ORD-2025-10768,2025-10-22,2025-10-27,Standard Class,CUST-1006,Emily Davis,Corporate,United States,San Francisco,California,94107,West,PROD-3961,Furniture,Chairs,Ergonomic Mesh Chair,432.0,4,0.4,-44.72
ORD-2025-10769,2025-06-30,2025-07-05,Same Day,CUST-1009,Daniel Anderson,Corporate,United States,Los Angeles,California,90036,West,PROD-5593,Furniture,Furnishings,Anti-Fatigue Standing Mat,76.0,2,0.05,21.49
ORD-2025-10770,2025-12-21,2025-12-25,First Class,CUST-1012,Olivia White,Home Office,United States,Los Angeles,California,90036,West,PROD-8403,Technology,Phones,Google Pixel 7,419.3,1,0.3,50.58
ORD-2025-10771,2025-11-16,2025-11-17,Same Day,CUST-1009,Daniel Anderson,Home Office,United States,Seattle,Washington,98101,West,PROD-1464,Furniture,Furnishings,Floor Lamp LED,66.0,2,0.4,-9.1
ORD-2025-10772,2025-11-27,2025-11-28,First Class,CUST-1008,Jessica Taylor,Corporate,United States,Miami,Florida,33180,South,PROD-8765,Furniture,Tables,Conference Table,1912.5,3,0.15,265.63
ORD-2025-10773,2025-11-20,2025-11-22,Standard Class,CUST-1007,James Wilson,Consumer,United States,Los Angeles,California,90036,West,PROD-6301,Technology,Machines,Brother HL-L2350DW,896.0,7,0.2,167.7
ORD-2025-10774,2025-10-20,2025-10-22,Same Day,CUST-1004,Sarah Williams,Home Office,United States,Miami,Florida,33180,South,PROD-5836,Office Supplies,Art,Faber-Castell Color Pencils,75.6,6,0.3,-5.03
ORD-2025-10775,2025-03-30,2025-04-02,Second Class,CUST-1007,James Wilson,Consumer,United States,Seattle,Washington,98101,West,PROD-8403,Technology,Phones,Google Pixel 7,2096.5,5,0.3,-79.23
ORD-2025-10776,2025-11-18,2025-11-23,Second Class,CUST-1006,Emily Davis,Consumer,United States,Los Angeles,California,90036,West,PROD-8073,Technology,Copiers,Canon ImageCLASS,2565.0,6,0.05,933.73
ORD-2025-10777,2025-12-29,2025-12-30,Same Day,CUST-1001,Alex Johnson,Home Office,United States,Philadelphia,Pennsylvania,19104,East,PROD-1086,Office Supplies,Storage,Plastic Storage Bin 50L,43.2,2,0.1,12.26
ORD-2025-10778,2025-10-02,2025-10-06,First Class,CUST-1011,Robert Jackson,Consumer,United States,Chicago,Illinois,60653,Central,PROD-8403,Technology,Phones,Google Pixel 7,2396.0,5,0.2,550.9
ORD-2025-10779,2025-10-21,2025-10-22,Standard Class,CUST-1008,Jessica Taylor,Corporate,United States,Philadelphia,Pennsylvania,19104,East,PROD-8073,Technology,Copiers,Canon ImageCLASS,1800.0,4,0.0,588.64
ORD-2025-10780,2025-12-24,2025-12-28,Same Day,CUST-1006,Emily Davis,Home Office,United States,Miami,Florida,33180,South,PROD-8011,Technology,Machines,HP LaserJet Pro,560.0,2,0.0,214.15
ORD-2025-10781,2025-06-25,2025-06-29,Standard Class,CUST-1003,David Smith,Home Office,United States,Chicago,Illinois,60653,Central,PROD-8403,Technology,Phones,Google Pixel 7,359.4,1,0.4,-10.31
ORD-2025-10782,2025-10-15,2025-10-17,Standard Class,CUST-1012,Olivia White,Home Office,United States,Philadelphia,Pennsylvania,19104,East,PROD-1464,Furniture,Furnishings,Floor Lamp LED,44.0,1,0.2,5.16
ORD-2025-10783,2025-11-30,2025-12-04,Same Day,CUST-1004,Sarah Williams,Corporate,United States,New York City,New York,10024,East,PROD-6703,Office Supplies,Storage,Archive Box Pack of 10,27.2,1,0.15,7.2
ORD-2025-10784,2025-04-16,2025-04-20,Same Day,CUST-1008,Jessica Taylor,Corporate,United States,Houston,Texas,77070,Central,PROD-6219,Office Supplies,Paper,Cardstock Heavy Weight,79.2,4,0.1,21.46
ORD-2025-10785,2025-11-20,2025-11-24,Second Class,CUST-1001,Alex Johnson,Home Office,United States,Detroit,Michigan,48201,Central,PROD-2095,Furniture,Bookcases,Industrial Wood Bookshelf,456.0,4,0.4,-48.95
ORD-2025-10786,2025-04-06,2025-04-07,Second Class,CUST-1011,Robert Jackson,Corporate,United States,Chicago,Illinois,60653,Central,PROD-4843,Furniture,Chairs,Herman Miller Aeron,2550.0,3,0.0,938.23
ORD-2025-10787,2025-10-18,2025-10-20,Standard Class,CUST-1007,James Wilson,Corporate,United States,Boston,Massachusetts,02215,East,PROD-8403,Technology,Phones,Google Pixel 7,1797.0,3,0.0,564.09
ORD-2025-10788,2025-11-27,2025-12-01,First Class,CUST-1006,Emily Davis,Consumer,United States,New York City,New York,10024,East,PROD-1464,Furniture,Furnishings,Floor Lamp LED,115.5,3,0.3,13.55
ORD-2025-10789,2025-11-08,2025-11-13,Same Day,CUST-1004,Sarah Williams,Home Office,United States,San Francisco,California,94107,West,PROD-4966,Technology,Phones,Samsung Galaxy S23,1992.15,3,0.05,469.21
ORD-2025-10790,2025-12-05,2025-12-10,Standard Class,CUST-1006,Emily Davis,Home Office,United States,Los Angeles,California,90036,West,PROD-9359,Furniture,Chairs,Steelcase Gesture,3978.0,6,0.15,977.18
ORD-2025-10791,2025-06-27,2025-07-02,First Class,CUST-1008,Jessica Taylor,Home Office,United States,San Francisco,California,94107,West,PROD-5593,Furniture,Furnishings,Anti-Fatigue Standing Mat,280.0,7,0.0,76.59
ORD-2025-10792,2025-10-26,2025-10-27,Standard Class,CUST-1003,David Smith,Consumer,United States,Detroit,Michigan,48201,Central,PROD-5836,Office Supplies,Art,Faber-Castell Color Pencils,21.6,2,0.4,-4.41
ORD-2025-10793,2025-10-03,2025-10-04,First Class,CUST-1001,Alex Johnson,Consumer,United States,San Francisco,California,94107,West,PROD-8774,Technology,Machines,Epson EcoTank,966.0,6,0.3,82.13
ORD-2025-10794,2025-03-29,2025-04-03,Same Day,CUST-1002,Linda Martinez,Consumer,United States,Chicago,Illinois,60653,Central,PROD-3307,Office Supplies,Art,Acrylic Paint Set,168.0,6,0.0,61.14
ORD-2025-10795,2025-09-02,2025-09-05,First Class,CUST-1012,Olivia White,Corporate,United States,New York City,New York,10024,East,PROD-5440,Furniture,Bookcases,IKEA Billy Bookcase,240.3,3,0.1,53.69
ORD-2025-10796,2025-04-16,2025-04-17,Same Day,CUST-1001,Alex Johnson,Consumer,United States,Seattle,Washington,98101,West,PROD-5986,Technology,Copiers,Xerox Phaser,624.0,2,0.4,-16.31
ORD-2025-10797,2025-04-17,2025-04-22,First Class,CUST-1005,Michael Brown,Home Office,United States,Charlotte,North Carolina,28205,South,PROD-3776,Technology,Phones,Apple iPhone 14,1278.4,2,0.2,227.18
ORD-2025-10798,2025-08-20,2025-08-25,Second Class,CUST-1007,James Wilson,Consumer,United States,San Francisco,California,94107,West,PROD-8765,Furniture,Tables,Conference Table,2250.0,3,0.0,850.29
ORD-2025-10799,2025-02-24,2025-02-26,Standard Class,CUST-1008,Jessica Taylor,Consumer,United States,Chicago,Illinois,60653,Central,PROD-5593,Furniture,Furnishings,Anti-Fatigue Standing Mat,120.0,3,0.0,46.49
ORD-2025-10800,2025-11-17,2025-11-22,Same Day,CUST-1009,Daniel Anderson,Corporate,United States,San Francisco,California,94107,West,PROD-5440,Furniture,Bookcases,IKEA Billy Bookcase,62.3,1,0.3,-0.87
ORD-2025-10801,2025-10-22,2025-10-26,Second Class,CUST-1010,Sophia Thomas,Corporate,United States,Charlotte,North Carolina,28205,South,PROD-3961,Furniture,Chairs,Ergonomic Mesh Chair,162.0,1,0.1,28.11
ORD-2025-10802,2025-10-02,2025-10-07,First Class,CUST-1004,Sarah Williams,Consumer,United States,San Francisco,California,94107,West,PROD-5986,Technology,Copiers,Xerox Phaser,2080.0,4,0.0,763.39
ORD-2025-10803,2025-10-24,2025-10-26,Second Class,CUST-1006,Emily Davis,Home Office,United States,Detroit,Michigan,48201,Central,PROD-1086,Office Supplies,Storage,Plastic Storage Bin 50L,22.8,1,0.05,5.88
ORD-2025-10804,2025-09-02,2025-09-04,Second Class,CUST-1006,Emily Davis,Home Office,United States,Los Angeles,California,90036,West,PROD-8774,Technology,Machines,Epson EcoTank,460.0,2,0.0,138.04
ORD-2025-10805,2025-10-20,2025-10-23,Standard Class,CUST-1003,David Smith,Home Office,United States,Seattle,Washington,98101,West,PROD-7425,Furniture,Furnishings,Desk Organizer,15.0,1,0.4,-3.27
ORD-2025-10806,2025-09-30,2025-10-05,First Class,CUST-1004,Sarah Williams,Home Office,United States,New York City,New York,10024,East,PROD-4966,Technology,Phones,Samsung Galaxy S23,3914.4,7,0.2,646.4
ORD-2025-10807,2025-06-29,2025-07-02,Same Day,CUST-1005,Michael Brown,Corporate,United States,Miami,Florida,33180,South,PROD-2095,Furniture,Bookcases,Industrial Wood Bookshelf,570.0,5,0.4,-16.07
ORD-2025-10808,2025-12-18,2025-12-19,Second Class,CUST-1007,James Wilson,Consumer,United States,Philadelphia,Pennsylvania,19104,East,PROD-4843,Furniture,Chairs,Herman Miller Aeron,2975.0,5,0.3,195.87
ORD-2025-10809,2025-11-15,2025-11-16,First Class,CUST-1011,Robert Jackson,Home Office,United States,Charlotte,North Carolina,28205,South,PROD-6301,Technology,Machines,Brother HL-L2350DW,384.0,3,0.2,67.85
ORD-2025-10810,2025-08-02,2025-08-05,First Class,CUST-1004,Sarah Williams,Consumer,United States,Detroit,Michigan,48201,Central,PROD-5986,Technology,Copiers,Xerox Phaser,2080.0,5,0.2,325.42
ORD-2025-10811,2025-12-24,2025-12-26,First Class,CUST-1010,Sophia Thomas,Home Office,United States,Philadelphia,Pennsylvania,19104,East,PROD-5440,Furniture,Bookcases,IKEA Billy Bookcase,529.55,7,0.15,154.29
ORD-2025-10812,2025-12-12,2025-12-13,Standard Class,CUST-1008,Jessica Taylor,Corporate,United States,San Francisco,California,94107,West,PROD-4843,Furniture,Chairs,Herman Miller Aeron,2422.5,3,0.05,758.54
ORD-2025-10813,2025-05-26,2025-05-31,Second Class,CUST-1002,Linda Martinez,Home Office,United States,Chicago,Illinois,60653,Central,PROD-5691,Office Supplies,Binders,Clear View Presentation Binder,24.0,5,0.2,3.87
ORD-2025-10814,2025-12-23,2025-12-27,Same Day,CUST-1007,James Wilson,Consumer,United States,Houston,Texas,77070,Central,PROD-1086,Office Supplies,Storage,Plastic Storage Bin 50L,84.0,5,0.3,6.2
ORD-2025-10815,2025-10-23,2025-10-26,Second Class,CUST-1007,James Wilson,Home Office,United States,Philadelphia,Pennsylvania,19104,East,PROD-9359,Furniture,Chairs,Steelcase Gesture,2340.0,5,0.4,-319.31
ORD-2025-10816,2025-07-12,2025-07-16,Standard Class,CUST-1003,David Smith,Home Office,United States,Charlotte,North Carolina,28205,South,PROD-2095,Furniture,Bookcases,Industrial Wood Bookshelf,399.0,3,0.3,17.11
ORD-2025-10817,2025-07-30,2025-08-04,Standard Class,CUST-1007,James Wilson,Consumer,United States,Boston,Massachusetts,02215,East,PROD-8765,Furniture,Tables,Conference Table,3000.0,5,0.2,678.41
ORD-2025-10818,2025-10-06,2025-10-09,Standard Class,CUST-1007,James Wilson,Consumer,United States,Charlotte,North Carolina,28205,South,PROD-5986,Technology,Copiers,Xerox Phaser,3640.0,7,0.0,1409.78
ORD-2025-10819,2025-05-19,2025-05-20,First Class,CUST-1010,Sophia Thomas,Consumer,United States,Detroit,Michigan,48201,Central,PROD-5440,Furniture,Bookcases,IKEA Billy Bookcase,89.0,1,0.0,28.71
ORD-2025-10820,2025-10-15,2025-10-19,Second Class,CUST-1004,Sarah Williams,Home Office,United States,Philadelphia,Pennsylvania,19104,East,PROD-1086,Office Supplies,Storage,Plastic Storage Bin 50L,100.8,7,0.4,-15.72
ORD-2025-10821,2025-09-28,2025-09-30,Standard Class,CUST-1009,Daniel Anderson,Consumer,United States,New York City,New York,10024,East,PROD-8073,Technology,Copiers,Canon ImageCLASS,1890.0,7,0.4,-184.61
ORD-2025-10822,2025-11-28,2025-11-30,Second Class,CUST-1009,Daniel Anderson,Corporate,United States,Charlotte,North Carolina,28205,South,PROD-6219,Office Supplies,Paper,Cardstock Heavy Weight,44.0,2,0.0,16.38
ORD-2025-10823,2025-12-02,2025-12-07,Second Class,CUST-1008,Jessica Taylor,Corporate,United States,Houston,Texas,77070,Central,PROD-6219,Office Supplies,Paper,Cardstock Heavy Weight,52.8,3,0.2,8.61
ORD-2025-10824,2025-11-03,2025-11-07,Standard Class,CUST-1010,Sophia Thomas,Corporate,United States,Seattle,Washington,98101,West,PROD-3961,Furniture,Chairs,Ergonomic Mesh Chair,648.0,6,0.4,-6.91
ORD-2025-10825,2025-07-01,2025-07-05,Same Day,CUST-1005,Michael Brown,Consumer,United States,Philadelphia,Pennsylvania,19104,East,PROD-4831,Office Supplies,Appliances,Compact Refrigerator,378.0,3,0.3,12.44
ORD-2025-10826,2025-03-31,2025-04-03,First Class,CUST-1008,Jessica Taylor,Home Office,United States,Philadelphia,Pennsylvania,19104,East,PROD-6703,Office Supplies,Storage,Archive Box Pack of 10,19.2,1,0.4,-1.81
ORD-2025-10827,2025-08-30,2025-09-01,First Class,CUST-1003,David Smith,Home Office,United States,Detroit,Michigan,48201,Central,PROD-6703,Office Supplies,Storage,Archive Box Pack of 10,22.4,1,0.3,2.09
ORD-2025-10828,2025-12-23,2025-12-27,First Class,CUST-1004,Sarah Williams,Home Office,United States,New York City,New York,10024,East,PROD-5986,Technology,Copiers,Xerox Phaser,520.0,1,0.0,160.27
ORD-2025-10829,2025-10-07,2025-10-11,First Class,CUST-1010,Sophia Thomas,Home Office,United States,Los Angeles,California,90036,West,PROD-3961,Furniture,Chairs,Ergonomic Mesh Chair,504.0,4,0.3,57.61
ORD-2025-10830,2025-11-23,2025-11-25,Second Class,CUST-1005,Michael Brown,Corporate,United States,Charlotte,North Carolina,28205,South,PROD-6835,Furniture,Tables,IKEA Bekant Desk,1425.0,6,0.05,427.34
ORD-2025-10831,2025-09-28,2025-09-30,Standard Class,CUST-1010,Sophia Thomas,Consumer,United States,Los Angeles,California,90036,West,PROD-6295,Technology,Accessories,Logitech MX Master 3,207.9,3,0.3,4.38
ORD-2025-10832,2025-12-24,2025-12-29,Same Day,CUST-1004,Sarah Williams,Consumer,United States,Charlotte,North Carolina,28205,South,PROD-5440,Furniture,Bookcases,IKEA Billy Bookcase,623.0,7,0.0,208.19
ORD-2025-10833,2025-11-17,2025-11-18,Standard Class,CUST-1003,David Smith,Home Office,United States,Chicago,Illinois,60653,Central,PROD-8073,Technology,Copiers,Canon ImageCLASS,270.0,1,0.4,-62.25
ORD-2025-10834,2025-05-09,2025-05-12,Standard Class,CUST-1003,David Smith,Corporate,United States,Seattle,Washington,98101,West,PROD-5691,Office Supplies,Binders,Clear View Presentation Binder,24.0,4,0.0,7.63
ORD-2025-10835,2025-02-26,2025-03-01,Standard Class,CUST-1001,Alex Johnson,Corporate,United States,Atlanta,Georgia,30318,South,PROD-8011,Technology,Machines,HP LaserJet Pro,504.0,2,0.1,122.04
ORD-2025-10836,2025-06-18,2025-06-19,Second Class,CUST-1008,Jessica Taylor,Consumer,United States,San Francisco,California,94107,West,PROD-8073,Technology,Copiers,Canon ImageCLASS,1350.0,5,0.4,-319.48
ORD-2025-10837,2025-05-19,2025-05-20,Standard Class,CUST-1008,Jessica Taylor,Home Office,United States,Boston,Massachusetts,02215,East,PROD-5593,Furniture,Furnishings,Anti-Fatigue Standing Mat,108.0,3,0.1,35.61
ORD-2025-10838,2025-10-23,2025-10-28,Same Day,CUST-1011,Robert Jackson,Home Office,United States,Seattle,Washington,98101,West,PROD-9359,Furniture,Chairs,Steelcase Gesture,3822.0,7,0.3,-23.57
ORD-2025-10839,2025-08-09,2025-08-14,Second Class,CUST-1002,Linda Martinez,Corporate,United States,Seattle,Washington,98101,West,PROD-5440,Furniture,Bookcases,IKEA Billy Bookcase,186.9,3,0.3,-10.07
ORD-2025-10840,2025-12-12,2025-12-13,Second Class,CUST-1007,James Wilson,Home Office,United States,Los Angeles,California,90036,West,PROD-7862,Office Supplies,Binders,Heavy Duty 3-Ring Binder,8.5,1,0.0,3.24
ORD-2025-10841,2025-11-07,2025-11-10,Second Class,CUST-1005,Michael Brown,Consumer,United States,Atlanta,Georgia,30318,South,PROD-8408,Office Supplies,Paper,Multipurpose Copy Paper 500 Sheets,10.2,1,0.15,1.31
ORD-2025-10842,2025-04-16,2025-04-19,Second Class,CUST-1008,Jessica Taylor,Home Office,United States,Houston,Texas,77070,Central,PROD-1086,Office Supplies,Storage,Plastic Storage Bin 50L,96.0,5,0.2,23.03
ORD-2025-10843,2025-07-30,2025-08-04,Same Day,CUST-1005,Michael Brown,Consumer,United States,New York City,New York,10024,East,PROD-5691,Office Supplies,Binders,Clear View Presentation Binder,32.4,6,0.1,10.14
ORD-2025-10844,2025-10-28,2025-11-01,Same Day,CUST-1002,Linda Martinez,Consumer,United States,Miami,Florida,33180,South,PROD-2095,Furniture,Bookcases,Industrial Wood Bookshelf,570.0,3,0.0,222.89
ORD-2025-10845,2025-11-09,2025-11-10,Same Day,CUST-1007,James Wilson,Corporate,United States,Los Angeles,California,90036,West,PROD-8073,Technology,Copiers,Canon ImageCLASS,1890.0,6,0.3,54.34
ORD-2025-10846,2025-12-06,2025-12-09,Standard Class,CUST-1010,Sophia Thomas,Corporate,United States,Detroit,Michigan,48201,Central,PROD-4966,Technology,Phones,Samsung Galaxy S23,2935.8,6,0.3,-72.94
ORD-2025-10847,2025-01-30,2025-02-04,Same Day,CUST-1012,Olivia White,Home Office,United States,Detroit,Michigan,48201,Central,PROD-7425,Furniture,Furnishings,Desk Organizer,75.0,6,0.5,-25.51
ORD-2025-10848,2025-09-29,2025-10-02,First Class,CUST-1002,Linda Martinez,Consumer,United States,Houston,Texas,77070,Central,PROD-5836,Office Supplies,Art,Faber-Castell Color Pencils,54.0,5,0.4,-10.56
ORD-2025-10849,2025-11-06,2025-11-11,First Class,CUST-1005,Michael Brown,Consumer,United States,Atlanta,Georgia,30318,South,PROD-8073,Technology,Copiers,Canon ImageCLASS,1800.0,4,0.0,459.21
ORD-2025-10850,2025-09-03,2025-09-08,Second Class,CUST-1007,James Wilson,Consumer,United States,San Francisco,California,94107,West,PROD-8134,Office Supplies,Appliances,Microwave Oven 900W,66.0,1,0.4,-2.97
ORD-2025-10851,2025-11-30,2025-12-02,Second Class,CUST-1011,Robert Jackson,Consumer,United States,Boston,Massachusetts,02215,East,PROD-8408,Office Supplies,Paper,Multipurpose Copy Paper 500 Sheets,12.0,1,0.0,4.47
ORD-2025-10852,2025-09-17,2025-09-22,First Class,CUST-1001,Alex Johnson,Home Office,United States,New York City,New York,10024,East,PROD-6703,Office Supplies,Storage,Archive Box Pack of 10,25.6,1,0.2,3.81
ORD-2025-10853,2025-01-23,2025-01-26,Standard Class,CUST-1002,Linda Martinez,Home Office,United States,Miami,Florida,33180,South,PROD-8408,Office Supplies,Paper,Multipurpose Copy Paper 500 Sheets,19.2,2,0.2,2.75
ORD-2025-10854,2025-12-15,2025-12-19,First Class,CUST-1003,David Smith,Consumer,United States,Detroit,Michigan,48201,Central,PROD-2095,Furniture,Bookcases,Industrial Wood Bookshelf,912.0,6,0.2,61.53
ORD-2025-10855,2025-11-14,2025-11-15,First Class,CUST-1003,David Smith,Home Office,United States,Los Angeles,California,90036,West,PROD-5691,Office Supplies,Binders,Clear View Presentation Binder,24.0,5,0.2,1.77
ORD-2025-10856,2025-07-13,2025-07-14,Second Class,CUST-1007,James Wilson,Home Office,United States,Los Angeles,California,90036,West,PROD-8073,Technology,Copiers,Canon ImageCLASS,3150.0,7,0.0,973.14
ORD-2025-10857,2025-12-04,2025-12-08,First Class,CUST-1005,Michael Brown,Consumer,United States,Chicago,Illinois,60653,Central,PROD-6532,Furniture,Tables,Solid Oak Dining Table,960.0,2,0.2,115.25
ORD-2025-10858,2025-08-16,2025-08-20,First Class,CUST-1002,Linda Martinez,Corporate,United States,San Francisco,California,94107,West,PROD-5836,Office Supplies,Art,Faber-Castell Color Pencils,50.4,4,0.3,4.72
ORD-2025-10859,2025-03-06,2025-03-08,Same Day,CUST-1011,Robert Jackson,Home Office,United States,Boston,Massachusetts,02215,East,PROD-2095,Furniture,Bookcases,Industrial Wood Bookshelf,570.0,3,0.0,221.03
ORD-2025-10860,2025-08-04,2025-08-06,Same Day,CUST-1011,Robert Jackson,Consumer,United States,Philadelphia,Pennsylvania,19104,East,PROD-6295,Technology,Accessories,Logitech MX Master 3,336.6,4,0.15,53.53
ORD-2025-10861,2025-12-31,2026-01-01,Second Class,CUST-1001,Alex Johnson,Corporate,United States,Seattle,Washington,98101,West,PROD-3776,Technology,Phones,Apple iPhone 14,2796.5,5,0.3,-142.38
ORD-2025-10862,2025-12-26,2025-12-31,Second Class,CUST-1012,Olivia White,Corporate,United States,San Francisco,California,94107,West,PROD-3961,Furniture,Chairs,Ergonomic Mesh Chair,180.0,1,0.0,52.05
ORD-2025-10863,2025-07-01,2025-07-05,Same Day,CUST-1012,Olivia White,Corporate,United States,Houston,Texas,77070,Central,PROD-7862,Office Supplies,Binders,Heavy Duty 3-Ring Binder,40.8,6,0.2,5.66
ORD-2025-10864,2025-07-09,2025-07-13,Same Day,CUST-1006,Emily Davis,Corporate,United States,Boston,Massachusetts,02215,East,PROD-8134,Office Supplies,Appliances,Microwave Oven 900W,770.0,7,0.0,281.17
ORD-2025-10865,2025-12-09,2025-12-14,Same Day,CUST-1005,Michael Brown,Corporate,United States,Atlanta,Georgia,30318,South,PROD-6295,Technology,Accessories,Logitech MX Master 3,623.7,7,0.1,163.15
ORD-2025-10866,2025-05-23,2025-05-28,First Class,CUST-1002,Linda Martinez,Corporate,United States,Chicago,Illinois,60653,Central,PROD-8774,Technology,Machines,Epson EcoTank,644.0,4,0.3,52.19
ORD-2025-10867,2025-05-13,2025-05-14,Second Class,CUST-1011,Robert Jackson,Corporate,United States,New York City,New York,10024,East,PROD-6295,Technology,Accessories,Logitech MX Master 3,495.0,5,0.0,126.73
ORD-2025-10868,2025-10-04,2025-10-06,Standard Class,CUST-1008,Jessica Taylor,Consumer,United States,Chicago,Illinois,60653,Central,PROD-7425,Furniture,Furnishings,Desk Organizer,95.0,4,0.05,30.58
ORD-2025-10869,2025-02-26,2025-02-27,Same Day,CUST-1007,James Wilson,Corporate,United States,Chicago,Illinois,60653,Central,PROD-6301,Technology,Machines,Brother HL-L2350DW,960.0,6,0.0,268.28
ORD-2025-10870,2025-04-24,2025-04-27,Second Class,CUST-1009,Daniel Anderson,Corporate,United States,Houston,Texas,77070,Central,PROD-2439,Office Supplies,Appliances,Electric Kettle,245.0,7,0.0,86.43
ORD-2025-10871,2025-01-20,2025-01-25,First Class,CUST-1004,Sarah Williams,Home Office,United States,Seattle,Washington,98101,West,PROD-8408,Office Supplies,Paper,Multipurpose Copy Paper 500 Sheets,16.8,2,0.3,-0.74
ORD-2025-10872,2025-04-23,2025-04-26,Same Day,CUST-1003,David Smith,Corporate,United States,Boston,Massachusetts,02215,East,PROD-5440,Furniture,Bookcases,IKEA Billy Bookcase,178.0,2,0.0,45.81
ORD-2025-10873,2025-10-06,2025-10-10,Second Class,CUST-1012,Olivia White,Consumer,United States,San Francisco,California,94107,West,PROD-6703,Office Supplies,Storage,Archive Box Pack of 10,172.8,6,0.1,39.23
ORD-2025-10874,2025-09-05,2025-09-07,First Class,CUST-1004,Sarah Williams,Corporate,United States,Atlanta,Georgia,30318,South,PROD-3307,Office Supplies,Art,Acrylic Paint Set,84.0,5,0.4,-6.2
ORD-2025-10875,2025-11-03,2025-11-07,Same Day,CUST-1006,Emily Davis,Consumer,United States,Miami,Florida,33180,South,PROD-5986,Technology,Copiers,Xerox Phaser,3120.0,6,0.0,1085.33
ORD-2025-10876,2025-07-23,2025-07-27,Same Day,CUST-1010,Sophia Thomas,Corporate,United States,New York City,New York,10024,East,PROD-5440,Furniture,Bookcases,IKEA Billy Bookcase,436.1,7,0.3,56.62
ORD-2025-10877,2025-11-07,2025-11-11,Same Day,CUST-1008,Jessica Taylor,Corporate,United States,Atlanta,Georgia,30318,South,PROD-8774,Technology,Machines,Epson EcoTank,1242.0,6,0.1,343.65
ORD-2025-10878,2025-11-19,2025-11-21,Second Class,CUST-1009,Daniel Anderson,Consumer,United States,Seattle,Washington,98101,West,PROD-1086,Office Supplies,Storage,Plastic Storage Bin 50L,120.0,5,0.0,30.89
ORD-2025-10879,2025-01-11,2025-01-12,First Class,CUST-1006,Emily Davis,Home Office,United States,Seattle,Washington,98101,West,PROD-1223,Technology,Accessories,Anker USB-C Hub,202.5,5,0.1,34.25
ORD-2025-10880,2025-10-02,2025-10-04,First Class,CUST-1003,David Smith,Corporate,United States,Houston,Texas,77070,Central,PROD-6295,Technology,Accessories,Logitech MX Master 3,99.0,1,0.0,31.78
ORD-2025-10881,2025-09-14,2025-09-18,Standard Class,CUST-1003,David Smith,Corporate,United States,Chicago,Illinois,60653,Central,PROD-6295,Technology,Accessories,Logitech MX Master 3,297.0,3,0.0,101.97
ORD-2025-10882,2025-12-31,2026-01-03,Standard Class,CUST-1002,Linda Martinez,Consumer,United States,Miami,Florida,33180,South,PROD-6295,Technology,Accessories,Logitech MX Master 3,415.8,6,0.3,42.09
ORD-2025-10883,2025-11-07,2025-11-10,Same Day,CUST-1009,Daniel Anderson,Home Office,United States,San Francisco,California,94107,West,PROD-1464,Furniture,Furnishings,Floor Lamp LED,46.75,1,0.15,5.75
ORD-2025-10884,2025-10-23,2025-10-26,Same Day,CUST-1002,Linda Martinez,Consumer,United States,Charlotte,North Carolina,28205,South,PROD-5593,Furniture,Furnishings,Anti-Fatigue Standing Mat,216.0,6,0.1,58.23
ORD-2025-10885,2025-09-12,2025-09-15,Standard Class,CUST-1008,Jessica Taylor,Consumer,United States,San Francisco,California,94107,West,PROD-5986,Technology,Copiers,Xerox Phaser,2080.0,4,0.0,631.44
ORD-2025-10886,2025-12-17,2025-12-18,Standard Class,CUST-1009,Daniel Anderson,Consumer,United States,Philadelphia,Pennsylvania,19104,East,PROD-7862,Office Supplies,Binders,Heavy Duty 3-Ring Binder,11.9,2,0.3,0.13
ORD-2025-10887,2025-08-31,2025-09-05,Second Class,CUST-1001,Alex Johnson,Corporate,United States,Houston,Texas,77070,Central,PROD-5440,Furniture,Bookcases,IKEA Billy Bookcase,71.2,1,0.2,9.81
ORD-2025-10888,2025-10-24,2025-10-29,Same Day,CUST-1009,Daniel Anderson,Corporate,United States,Detroit,Michigan,48201,Central,PROD-8774,Technology,Machines,Epson EcoTank,828.0,6,0.4,-177.74
ORD-2025-10889,2025-02-11,2025-02-15,Standard Class,CUST-1007,James Wilson,Consumer,United States,Los Angeles,California,90036,West,PROD-8408,Office Supplies,Paper,Multipurpose Copy Paper 500 Sheets,14.4,2,0.4,-3.13
ORD-2025-10890,2025-11-21,2025-11-25,Second Class,CUST-1011,Robert Jackson,Home Office,United States,Miami,Florida,33180,South,PROD-8134,Office Supplies,Appliances,Microwave Oven 900W,440.0,4,0.0,156.41
ORD-2025-10891,2025-08-11,2025-08-14,First Class,CUST-1010,Sophia Thomas,Corporate,United States,New York City,New York,10024,East,PROD-8765,Furniture,Tables,Conference Table,3600.0,6,0.2,549.42
ORD-2025-10892,2025-05-09,2025-05-11,First Class,CUST-1012,Olivia White,Home Office,United States,New York City,New York,10024,East,PROD-5836,Office Supplies,Art,Faber-Castell Color Pencils,37.8,3,0.3,3.95
ORD-2025-10893,2025-09-28,2025-10-01,Second Class,CUST-1004,Sarah Williams,Home Office,United States,Seattle,Washington,98101,West,PROD-5440,Furniture,Bookcases,IKEA Billy Bookcase,53.4,1,0.4,-7.94
ORD-2025-10894,2025-02-04,2025-02-09,Second Class,CUST-1006,Emily Davis,Home Office,United States,Los Angeles,California,90036,West,PROD-2095,Furniture,Bookcases,Industrial Wood Bookshelf,807.5,5,0.15,185.16
ORD-2025-10895,2025-07-26,2025-07-31,Second Class,CUST-1002,Linda Martinez,Home Office,United States,New York City,New York,10024,East,PROD-5691,Office Supplies,Binders,Clear View Presentation Binder,10.2,2,0.15,1.99
ORD-2025-10896,2025-03-06,2025-03-11,Same Day,CUST-1006,Emily Davis,Home Office,United States,Detroit,Michigan,48201,Central,PROD-5836,Office Supplies,Art,Faber-Castell Color Pencils,36.0,2,0.0,9.06
ORD-2025-10897,2025-02-16,2025-02-21,Second Class,CUST-1003,David Smith,Consumer,United States,Miami,Florida,33180,South,PROD-4843,Furniture,Chairs,Herman Miller Aeron,1020.0,2,0.4,-108.48
ORD-2025-10898,2025-12-01,2025-12-02,Second Class,CUST-1009,Daniel Anderson,Corporate,United States,Atlanta,Georgia,30318,South,PROD-3307,Office Supplies,Art,Acrylic Paint Set,67.2,3,0.2,10.11
ORD-2025-10899,2025-11-06,2025-11-08,First Class,CUST-1012,Olivia White,Consumer,United States,Charlotte,North Carolina,28205,South,PROD-7425,Furniture,Furnishings,Desk Organizer,148.75,7,0.15,25.76
ORD-2025-10900,2025-10-13,2025-10-16,Second Class,CUST-1001,Alex Johnson,Corporate,United States,Charlotte,North Carolina,28205,South,PROD-1464,Furniture,Furnishings,Floor Lamp LED,247.5,5,0.1,66.72
ORD-2025-10901,2025-04-02,2025-04-03,Second Class,CUST-1008,Jessica Taylor,Corporate,United States,New York City,New York,10024,East,PROD-6703,Office Supplies,Storage,Archive Box Pack of 10,25.6,1,0.2,2.0
ORD-2025-10902,2025-09-15,2025-09-20,First Class,CUST-1001,Alex Johnson,Home Office,United States,Detroit,Michigan,48201,Central,PROD-1464,Furniture,Furnishings,Floor Lamp LED,264.0,6,0.2,17.93
ORD-2025-10903,2025-01-16,2025-01-20,Same Day,CUST-1008,Jessica Taylor,Consumer,United States,Charlotte,North Carolina,28205,South,PROD-4831,Office Supplies,Appliances,Compact Refrigerator,144.0,1,0.2,35.22
ORD-2025-10904,2025-03-20,2025-03-22,Second Class,CUST-1002,Linda Martinez,Corporate,United States,Los Angeles,California,90036,West,PROD-9359,Furniture,Chairs,Steelcase Gesture,663.0,1,0.15,79.94
ORD-2025-10905,2025-04-10,2025-04-11,First Class,CUST-1011,Robert Jackson,Corporate,United States,Boston,Massachusetts,02215,East,PROD-1086,Office Supplies,Storage,Plastic Storage Bin 50L,100.8,6,0.3,5.41
ORD-2025-10906,2025-12-08,2025-12-09,Second Class,CUST-1009,Daniel Anderson,Consumer,United States,Chicago,Illinois,60653,Central,PROD-8073,Technology,Copiers,Canon ImageCLASS,1215.0,3,0.1,322.13
ORD-2025-10907,2025-11-22,2025-11-23,First Class,CUST-1005,Michael Brown,Home Office,United States,Chicago,Illinois,60653,Central,PROD-7425,Furniture,Furnishings,Desk Organizer,175.0,7,0.0,57.85
ORD-2025-10908,2025-03-01,2025-03-03,Standard Class,CUST-1003,David Smith,Corporate,United States,Los Angeles,California,90036,West,PROD-3089,Technology,Accessories,Sony WH-1000XM5,628.2,3,0.4,-12.76
ORD-2025-10909,2025-12-24,2025-12-26,Second Class,CUST-1005,Michael Brown,Consumer,United States,Charlotte,North Carolina,28205,South,PROD-6532,Furniture,Tables,Solid Oak Dining Table,960.0,2,0.2,165.48
ORD-2025-10910,2025-10-23,2025-10-25,First Class,CUST-1005,Michael Brown,Home Office,United States,Atlanta,Georgia,30318,South,PROD-5986,Technology,Copiers,Xerox Phaser,2080.0,5,0.2,383.94
ORD-2025-10911,2025-11-25,2025-11-27,Standard Class,CUST-1010,Sophia Thomas,Corporate,United States,Boston,Massachusetts,02215,East,PROD-5691,Office Supplies,Binders,Clear View Presentation Binder,15.3,3,0.15,3.94
ORD-2025-10912,2025-12-25,2025-12-30,First Class,CUST-1002,Linda Martinez,Home Office,United States,Philadelphia,Pennsylvania,19104,East,PROD-5986,Technology,Copiers,Xerox Phaser,520.0,1,0.0,167.67
ORD-2025-10913,2025-10-15,2025-10-19,First Class,CUST-1006,Emily Davis,Home Office,United States,Charlotte,North Carolina,28205,South,PROD-6219,Office Supplies,Paper,Cardstock Heavy Weight,132.0,6,0.0,40.34
ORD-2025-10914,2025-11-27,2025-11-30,First Class,CUST-1011,Robert Jackson,Consumer,United States,Philadelphia,Pennsylvania,19104,East,PROD-6532,Furniture,Tables,Solid Oak Dining Table,2850.0,5,0.05,711.58
ORD-2025-10915,2025-08-13,2025-08-17,Same Day,CUST-1012,Olivia White,Corporate,United States,Miami,Florida,33180,South,PROD-2095,Furniture,Bookcases,Industrial Wood Bookshelf,532.0,4,0.3,41.78
ORD-2025-10916,2025-04-30,2025-05-05,Standard Class,CUST-1007,James Wilson,Corporate,United States,Detroit,Michigan,48201,Central,PROD-4843,Furniture,Chairs,Herman Miller Aeron,4037.5,5,0.05,922.3
ORD-2025-10917,2025-12-24,2025-12-26,Second Class,CUST-1003,David Smith,Home Office,United States,Chicago,Illinois,60653,Central,PROD-8011,Technology,Machines,HP LaserJet Pro,1568.0,7,0.2,343.39
ORD-2025-10918,2025-01-01,2025-01-03,Second Class,CUST-1005,Michael Brown,Corporate,United States,Los Angeles,California,90036,West,PROD-1223,Technology,Accessories,Anker USB-C Hub,40.5,1,0.1,12.46
ORD-2025-10919,2025-10-12,2025-10-15,Standard Class,CUST-1008,Jessica Taylor,Consumer,United States,Chicago,Illinois,60653,Central,PROD-7425,Furniture,Furnishings,Desk Organizer,30.0,2,0.4,-6.24
ORD-2025-10920,2025-10-10,2025-10-14,Second Class,CUST-1006,Emily Davis,Consumer,United States,Atlanta,Georgia,30318,South,PROD-7425,Furniture,Furnishings,Desk Organizer,100.0,4,0.0,34.8
ORD-2025-10921,2025-12-09,2025-12-14,Standard Class,CUST-1004,Sarah Williams,Home Office,United States,New York City,New York,10024,East,PROD-2095,Furniture,Bookcases,Industrial Wood Bookshelf,950.0,5,0.0,292.99
ORD-2025-10922,2025-07-23,2025-07-25,Second Class,CUST-1008,Jessica Taylor,Consumer,United States,Los Angeles,California,90036,West,PROD-1464,Furniture,Furnishings,Floor Lamp LED,115.5,3,0.3,0.31
ORD-2025-10923,2025-11-06,2025-11-10,Same Day,CUST-1001,Alex Johnson,Corporate,United States,Miami,Florida,33180,South,PROD-8073,Technology,Copiers,Canon ImageCLASS,1800.0,4,0.0,626.5
ORD-2025-10924,2025-02-21,2025-02-25,Standard Class,CUST-1003,David Smith,Corporate,United States,Boston,Massachusetts,02215,East,PROD-3307,Office Supplies,Art,Acrylic Paint Set,16.8,1,0.4,-2.75
ORD-2025-10925,2025-12-10,2025-12-11,First Class,CUST-1007,James Wilson,Corporate,United States,Seattle,Washington,98101,West,PROD-2095,Furniture,Bookcases,Industrial Wood Bookshelf,912.0,6,0.2,83.65
ORD-2025-10926,2025-10-20,2025-10-24,Same Day,CUST-1011,Robert Jackson,Consumer,United States,New York City,New York,10024,East,PROD-5440,Furniture,Bookcases,IKEA Billy Bookcase,267.0,5,0.4,-29.03
ORD-2025-10927,2025-10-13,2025-10-17,Same Day,CUST-1006,Emily Davis,Consumer,United States,Houston,Texas,77070,Central,PROD-2095,Furniture,Bookcases,Industrial Wood Bookshelf,1330.0,7,0.0,496.34
ORD-2025-10928,2025-07-02,2025-07-06,First Class,CUST-1005,Michael Brown,Home Office,United States,Seattle,Washington,98101,West,PROD-6301,Technology,Machines,Brother HL-L2350DW,112.0,1,0.3,10.03
ORD-2025-10929,2025-02-13,2025-02-15,Second Class,CUST-1011,Robert Jackson,Corporate,United States,Atlanta,Georgia,30318,South,PROD-7425,Furniture,Furnishings,Desk Organizer,112.5,5,0.1,20.27
ORD-2025-10930,2025-09-26,2025-09-27,Standard Class,CUST-1006,Emily Davis,Corporate,United States,Los Angeles,California,90036,West,PROD-6219,Office Supplies,Paper,Cardstock Heavy Weight,110.0,5,0.0,38.43
ORD-2025-10931,2025-11-23,2025-11-27,Same Day,CUST-1001,Alex Johnson,Consumer,United States,Detroit,Michigan,48201,Central,PROD-6219,Office Supplies,Paper,Cardstock Heavy Weight,19.8,1,0.1,3.32
ORD-2025-10932,2025-11-12,2025-11-14,Standard Class,CUST-1006,Emily Davis,Home Office,United States,Miami,Florida,33180,South,PROD-5440,Furniture,Bookcases,IKEA Billy Bookcase,267.0,3,0.0,82.58
ORD-2025-10933,2025-04-03,2025-04-06,Standard Class,CUST-1007,James Wilson,Consumer,United States,San Francisco,California,94107,West,PROD-5691,Office Supplies,Binders,Clear View Presentation Binder,10.8,3,0.4,-1.62
ORD-2025-10934,2025-10-26,2025-10-28,Standard Class,CUST-1012,Olivia White,Corporate,United States,New York City,New York,10024,East,PROD-6703,Office Supplies,Storage,Archive Box Pack of 10,112.0,5,0.3,0.77
ORD-2025-10935,2025-06-18,2025-06-22,Standard Class,CUST-1006,Emily Davis,Corporate,United States,Houston,Texas,77070,Central,PROD-6532,Furniture,Tables,Solid Oak Dining Table,2940.0,7,0.3,-3.98
ORD-2025-10936,2025-05-11,2025-05-16,Standard Class,CUST-1011,Robert Jackson,Corporate,United States,Chicago,Illinois,60653,Central,PROD-8774,Technology,Machines,Epson EcoTank,552.0,3,0.2,89.63
ORD-2025-10937,2025-03-21,2025-03-23,First Class,CUST-1010,Sophia Thomas,Corporate,United States,Miami,Florida,33180,South,PROD-1464,Furniture,Furnishings,Floor Lamp LED,209.0,4,0.05,64.51
ORD-2025-10938,2025-10-25,2025-10-27,Standard Class,CUST-1010,Sophia Thomas,Corporate,United States,New York City,New York,10024,East,PROD-3307,Office Supplies,Art,Acrylic Paint Set,75.6,3,0.1,19.93
ORD-2025-10939,2025-11-13,2025-11-14,First Class,CUST-1009,Daniel Anderson,Home Office,United States,Miami,Florida,33180,South,PROD-5593,Furniture,Furnishings,Anti-Fatigue Standing Mat,72.0,3,0.4,-2.83
ORD-2025-10940,2025-04-01,2025-04-02,First Class,CUST-1008,Jessica Taylor,Home Office,United States,Boston,Massachusetts,02215,East,PROD-5986,Technology,Copiers,Xerox Phaser,1456.0,4,0.3,149.07
ORD-2025-10941,2025-01-15,2025-01-17,Standard Class,CUST-1010,Sophia Thomas,Home Office,United States,Miami,Florida,33180,South,PROD-6835,Furniture,Tables,IKEA Bekant Desk,750.0,5,0.4,-128.32
ORD-2025-10942,2025-12-13,2025-12-17,Second Class,CUST-1003,David Smith,Corporate,United States,Detroit,Michigan,48201,Central,PROD-1223,Technology,Accessories,Anker USB-C Hub,162.0,6,0.4,-2.62
ORD-2025-10943,2025-11-26,2025-11-30,Second Class,CUST-1011,Robert Jackson,Home Office,United States,Miami,Florida,33180,South,PROD-8073,Technology,Copiers,Canon ImageCLASS,2520.0,7,0.2,217.94
ORD-2025-10944,2025-12-29,2025-12-30,Standard Class,CUST-1012,Olivia White,Consumer,United States,Charlotte,North Carolina,28205,South,PROD-1464,Furniture,Furnishings,Floor Lamp LED,269.5,7,0.3,-16.8
ORD-2025-10945,2025-12-14,2025-12-19,Standard Class,CUST-1008,Jessica Taylor,Corporate,United States,San Francisco,California,94107,West,PROD-9359,Furniture,Chairs,Steelcase Gesture,1872.0,4,0.4,-200.58
ORD-2025-10946,2025-10-31,2025-11-05,Standard Class,CUST-1012,Olivia White,Consumer,United States,Houston,Texas,77070,Central,PROD-1086,Office Supplies,Storage,Plastic Storage Bin 50L,38.4,2,0.2,7.22
ORD-2025-10947,2025-12-27,2025-12-31,Second Class,CUST-1005,Michael Brown,Corporate,United States,Detroit,Michigan,48201,Central,PROD-2095,Furniture,Bookcases,Industrial Wood Bookshelf,969.0,6,0.15,183.35
ORD-2025-10948,2025-11-03,2025-11-04,Second Class,CUST-1006,Emily Davis,Home Office,United States,Detroit,Michigan,48201,Central,PROD-5440,Furniture,Bookcases,IKEA Billy Bookcase,378.25,5,0.15,81.89
ORD-2025-10949,2025-12-25,2025-12-27,Second Class,CUST-1010,Sophia Thomas,Corporate,United States,Atlanta,Georgia,30318,South,PROD-7862,Office Supplies,Binders,Heavy Duty 3-Ring Binder,53.55,7,0.1,12.64
ORD-2025-10950,2025-03-17,2025-03-20,First Class,CUST-1012,Olivia White,Home Office,United States,Atlanta,Georgia,30318,South,PROD-5691,Office Supplies,Binders,Clear View Presentation Binder,34.2,6,0.05,9.43
ORD-2025-10951,2025-11-14,2025-11-18,Same Day,CUST-1011,Robert Jackson,Consumer,United States,Miami,Florida,33180,South,PROD-1464,Furniture,Furnishings,Floor Lamp LED,330.0,6,0.0,115.05
ORD-2025-10952,2025-10-17,2025-10-20,Standard Class,CUST-1011,Robert Jackson,Consumer,United States,Houston,Texas,77070,Central,PROD-3961,Furniture,Chairs,Ergonomic Mesh Chair,1134.0,7,0.1,309.29
ORD-2025-10953,2025-01-17,2025-01-18,First Class,CUST-1009,Daniel Anderson,Consumer,United States,Detroit,Michigan,48201,Central,PROD-4831,Office Supplies,Appliances,Compact Refrigerator,1260.0,7,0.0,405.16
ORD-2025-10954,2025-12-31,2026-01-02,Second Class,CUST-1004,Sarah Williams,Home Office,United States,Miami,Florida,33180,South,PROD-6301,Technology,Machines,Brother HL-L2350DW,480.0,3,0.0,138.5
ORD-2025-10955,2025-02-02,2025-02-04,First Class,CUST-1001,Alex Johnson,Consumer,United States,New York City,New York,10024,East,PROD-8134,Office Supplies,Appliances,Microwave Oven 900W,440.0,4,0.0,140.56
ORD-2025-10956,2025-12-18,2025-12-19,Second Class,CUST-1008,Jessica Taylor,Consumer,United States,Miami,Florida,33180,South,PROD-6835,Furniture,Tables,IKEA Bekant Desk,1125.0,5,0.1,262.82
ORD-2025-10957,2025-06-03,2025-06-08,Same Day,CUST-1002,Linda Martinez,Home Office,United States,Charlotte,North Carolina,28205,South,PROD-8073,Technology,Copiers,Canon ImageCLASS,945.0,3,0.3,13.23
ORD-2025-10958,2025-09-10,2025-09-13,Same Day,CUST-1009,Daniel Anderson,Corporate,United States,Houston,Texas,77070,Central,PROD-5691,Office Supplies,Binders,Clear View Presentation Binder,15.3,3,0.15,4.2
ORD-2025-10959,2025-04-04,2025-04-07,Same Day,CUST-1008,Jessica Taylor,Consumer,United States,New York City,New York,10024,East,PROD-5440,Furniture,Bookcases,IKEA Billy Bookcase,373.8,7,0.4,-32.0
ORD-2025-10960,2025-12-18,2025-12-20,Second Class,CUST-1002,Linda Martinez,Consumer,United States,Philadelphia,Pennsylvania,19104,East,PROD-6703,Office Supplies,Storage,Archive Box Pack of 10,134.4,7,0.4,-3.46
ORD-2025-10961,2025-06-03,2025-06-05,Second Class,CUST-1006,Emily Davis,Consumer,United States,Philadelphia,Pennsylvania,19104,East,PROD-3089,Technology,Accessories,Sony WH-1000XM5,1989.3,6,0.05,630.6
ORD-2025-10962,2025-09-22,2025-09-27,Same Day,CUST-1012,Olivia White,Corporate,United States,Philadelphia,Pennsylvania,19104,East,PROD-2095,Furniture,Bookcases,Industrial Wood Bookshelf,323.0,2,0.15,75.98
ORD-2025-10963,2025-07-01,2025-07-04,Same Day,CUST-1005,Michael Brown,Corporate,United States,Atlanta,Georgia,30318,South,PROD-8073,Technology,Copiers,Canon ImageCLASS,1440.0,4,0.2,185.64
ORD-2025-10964,2025-03-13,2025-03-16,Standard Class,CUST-1012,Olivia White,Consumer,United States,Boston,Massachusetts,02215,East,PROD-6703,Office Supplies,Storage,Archive Box Pack of 10,179.2,7,0.2,44.0
ORD-2025-10965,2025-08-07,2025-08-10,Second Class,CUST-1004,Sarah Williams,Home Office,United States,Atlanta,Georgia,30318,South,PROD-3776,Technology,Phones,Apple iPhone 14,1278.4,2,0.2,146.33
ORD-2025-10966,2025-10-31,2025-11-01,Same Day,CUST-1012,Olivia White,Home Office,United States,Miami,Florida,33180,South,PROD-1464,Furniture,Furnishings,Floor Lamp LED,55.0,1,0.0,16.72
ORD-2025-10967,2025-05-22,2025-05-26,First Class,CUST-1002,Linda Martinez,Corporate,United States,Boston,Massachusetts,02215,East,PROD-6301,Technology,Machines,Brother HL-L2350DW,608.0,4,0.05,140.1
ORD-2025-10968,2025-10-23,2025-10-28,Standard Class,CUST-1008,Jessica Taylor,Consumer,United States,Detroit,Michigan,48201,Central,PROD-6703,Office Supplies,Storage,Archive Box Pack of 10,153.6,6,0.2,13.32
ORD-2025-10969,2025-12-25,2025-12-28,First Class,CUST-1008,Jessica Taylor,Home Office,United States,New York City,New York,10024,East,PROD-1464,Furniture,Furnishings,Floor Lamp LED,176.0,4,0.2,33.01
ORD-2025-10970,2025-12-13,2025-12-16,First Class,CUST-1010,Sophia Thomas,Home Office,United States,Los Angeles,California,90036,West,PROD-5986,Technology,Copiers,Xerox Phaser,1248.0,4,0.4,-249.01
ORD-2025-10971,2025-12-02,2025-12-05,Standard Class,CUST-1010,Sophia Thomas,Corporate,United States,Seattle,Washington,98101,West,PROD-5593,Furniture,Furnishings,Anti-Fatigue Standing Mat,160.0,5,0.2,20.97
ORD-2025-10972,2025-02-08,2025-02-13,Standard Class,CUST-1009,Daniel Anderson,Consumer,United States,Seattle,Washington,98101,West,PROD-6835,Furniture,Tables,IKEA Bekant Desk,1225.0,7,0.3,-39.66
ORD-2025-10973,2025-08-27,2025-08-29,First Class,CUST-1002,Linda Martinez,Consumer,United States,Houston,Texas,77070,Central,PROD-5836,Office Supplies,Art,Faber-Castell Color Pencils,36.0,4,0.5,-7.4
ORD-2025-10974,2025-10-17,2025-10-20,Second Class,CUST-1010,Sophia Thomas,Home Office,United States,Detroit,Michigan,48201,Central,PROD-8765,Furniture,Tables,Conference Table,1575.0,3,0.3,155.43
ORD-2025-10975,2025-12-05,2025-12-10,Standard Class,CUST-1003,David Smith,Home Office,United States,Chicago,Illinois,60653,Central,PROD-5440,Furniture,Bookcases,IKEA Billy Bookcase,373.8,6,0.3,19.41
ORD-2025-10976,2025-10-25,2025-10-28,Standard Class,CUST-1003,David Smith,Corporate,United States,San Francisco,California,94107,West,PROD-8073,Technology,Copiers,Canon ImageCLASS,1800.0,4,0.0,599.36
ORD-2025-10977,2025-11-15,2025-11-20,Standard Class,CUST-1002,Linda Martinez,Consumer,United States,Los Angeles,California,90036,West,PROD-4966,Technology,Phones,Samsung Galaxy S23,3355.2,6,0.2,367.17
ORD-2025-10978,2025-06-12,2025-06-14,Standard Class,CUST-1009,Daniel Anderson,Corporate,United States,Atlanta,Georgia,30318,South,PROD-6219,Office Supplies,Paper,Cardstock Heavy Weight,22.0,1,0.0,7.55
ORD-2025-10979,2025-08-04,2025-08-05,First Class,CUST-1006,Emily Davis,Corporate,United States,San Francisco,California,94107,West,PROD-1086,Office Supplies,Storage,Plastic Storage Bin 50L,144.0,6,0.0,43.55
ORD-2025-10980,2025-07-19,2025-07-20,First Class,CUST-1012,Olivia White,Home Office,United States,Chicago,Illinois,60653,Central,PROD-6295,Technology,Accessories,Logitech MX Master 3,346.5,5,0.3,39.09
ORD-2025-10981,2025-08-29,2025-08-30,Second Class,CUST-1012,Olivia White,Home Office,United States,Houston,Texas,77070,Central,PROD-5836,Office Supplies,Art,Faber-Castell Color Pencils,50.4,4,0.3,-0.81
ORD-2025-10982,2025-10-12,2025-10-14,Standard Class,CUST-1008,Jessica Taylor,Consumer,United States,Houston,Texas,77070,Central,PROD-6703,Office Supplies,Storage,Archive Box Pack of 10,128.0,5,0.2,24.04
ORD-2025-10983,2025-10-16,2025-10-20,Standard Class,CUST-1009,Daniel Anderson,Corporate,United States,New York City,New York,10024,East,PROD-4966,Technology,Phones,Samsung Galaxy S23,1398.0,2,0.0,471.15
ORD-2025-10984,2025-11-27,2025-12-01,Same Day,CUST-1009,Daniel Anderson,Corporate,United States,Boston,Massachusetts,02215,East,PROD-6219,Office Supplies,Paper,Cardstock Heavy Weight,52.8,4,0.4,-11.87
ORD-2025-10985,2025-12-21,2025-12-26,First Class,CUST-1010,Sophia Thomas,Home Office,United States,San Francisco,California,94107,West,PROD-6835,Furniture,Tables,IKEA Bekant Desk,475.0,2,0.05,114.59
ORD-2025-10986,2025-10-08,2025-10-09,Same Day,CUST-1005,Michael Brown,Home Office,United States,Los Angeles,California,90036,West,PROD-8011,Technology,Machines,HP LaserJet Pro,1428.0,6,0.15,337.19
ORD-2025-10987,2025-08-25,2025-08-30,First Class,CUST-1003,David Smith,Corporate,United States,Atlanta,Georgia,30318,South,PROD-7862,Office Supplies,Binders,Heavy Duty 3-Ring Binder,35.7,6,0.3,0.27
ORD-2025-10988,2025-04-12,2025-04-13,Second Class,CUST-1011,Robert Jackson,Consumer,United States,New York City,New York,10024,East,PROD-5440,Furniture,Bookcases,IKEA Billy Bookcase,267.0,5,0.4,-32.3
ORD-2025-10989,2025-12-10,2025-12-14,Same Day,CUST-1004,Sarah Williams,Corporate,United States,Detroit,Michigan,48201,Central,PROD-3961,Furniture,Chairs,Ergonomic Mesh Chair,378.0,3,0.3,33.32
ORD-2025-10990,2025-09-07,2025-09-11,Standard Class,CUST-1011,Robert Jackson,Corporate,United States,Chicago,Illinois,60653,Central,PROD-7425,Furniture,Furnishings,Desk Organizer,12.5,1,0.5,-5.61
ORD-2025-10991,2025-03-03,2025-03-06,Second Class,CUST-1006,Emily Davis,Corporate,United States,Atlanta,Georgia,30318,South,PROD-8408,Office Supplies,Paper,Multipurpose Copy Paper 500 Sheets,43.2,4,0.1,13.38
ORD-2025-10992,2025-09-30,2025-10-02,First Class,CUST-1009,Daniel Anderson,Home Office,United States,Boston,Massachusetts,02215,East,PROD-4831,Office Supplies,Appliances,Compact Refrigerator,1008.0,7,0.2,150.04
ORD-2025-10993,2025-12-22,2025-12-27,Second Class,CUST-1006,Emily Davis,Consumer,United States,Seattle,Washington,98101,West,PROD-3089,Technology,Accessories,Sony WH-1000XM5,488.6,2,0.3,-20.06
ORD-2025-10994,2025-11-18,2025-11-21,Same Day,CUST-1009,Daniel Anderson,Corporate,United States,Atlanta,Georgia,30318,South,PROD-8765,Furniture,Tables,Conference Table,2250.0,3,0.0,874.73
ORD-2025-10995,2025-12-29,2026-01-01,Second Class,CUST-1012,Olivia White,Home Office,United States,Los Angeles,California,90036,West,PROD-6835,Furniture,Tables,IKEA Bekant Desk,950.0,4,0.05,235.31
ORD-2025-10996,2025-05-05,2025-05-07,Same Day,CUST-1007,James Wilson,Home Office,United States,New York City,New York,10024,East,PROD-4843,Furniture,Chairs,Herman Miller Aeron,2422.5,3,0.05,551.07
ORD-2025-10997,2025-03-05,2025-03-10,Second Class,CUST-1004,Sarah Williams,Corporate,United States,Boston,Massachusetts,02215,East,PROD-5440,Furniture,Bookcases,IKEA Billy Bookcase,534.0,6,0.0,171.9
ORD-2025-10998,2025-12-17,2025-12-22,Same Day,CUST-1004,Sarah Williams,Home Office,United States,Atlanta,Georgia,30318,South,PROD-8073,Technology,Copiers,Canon ImageCLASS,360.0,1,0.2,30.92
ORD-2025-10999,2025-01-21,2025-01-24,Standard Class,CUST-1011,Robert Jackson,Corporate,United States,Charlotte,North Carolina,28205,South,PROD-5986,Technology,Copiers,Xerox Phaser,1040.0,2,0.0,402.18
ORD-2025-11000,2025-11-05,2025-11-08,Second Class,CUST-1011,Robert Jackson,Corporate,United States,Atlanta,Georgia,30318,South,PROD-4966,Technology,Phones,Samsung Galaxy S23,4159.05,7,0.15,559.22
ORD-2025-11001,2025-11-24,2025-11-28,First Class,CUST-1006,Emily Davis,Consumer,United States,Los Angeles,California,90036,West,PROD-5836,Office Supplies,Art,Faber-Castell Color Pencils,54.0,5,0.4,-2.99
ORD-2025-11002,2025-08-11,2025-08-12,Same Day,CUST-1009,Daniel Anderson,Home Office,United States,Charlotte,North Carolina,28205,South,PROD-5836,Office Supplies,Art,Faber-Castell Color Pencils,90.0,5,0.0,28.03
ORD-2025-11003,2025-11-26,2025-12-01,Standard Class,CUST-1002,Linda Martinez,Consumer,United States,Detroit,Michigan,48201,Central,PROD-8134,Office Supplies,Appliances,Microwave Oven 900W,539.0,7,0.3,72.4
ORD-2025-11004,2025-11-28,2025-12-02,Standard Class,CUST-1007,James Wilson,Home Office,United States,Charlotte,North Carolina,28205,South,PROD-3089,Technology,Accessories,Sony WH-1000XM5,698.0,2,0.0,213.18
ORD-2025-11005,2025-11-19,2025-11-20,Same Day,CUST-1005,Michael Brown,Corporate,United States,Houston,Texas,77070,Central,PROD-8774,Technology,Machines,Epson EcoTank,966.0,7,0.4,-185.62
ORD-2025-11006,2025-12-07,2025-12-10,Same Day,CUST-1006,Emily Davis,Consumer,United States,Miami,Florida,33180,South,PROD-5440,Furniture,Bookcases,IKEA Billy Bookcase,226.95,3,0.15,62.69
ORD-2025-11007,2025-02-16,2025-02-19,Same Day,CUST-1011,Robert Jackson,Consumer,United States,Miami,Florida,33180,South,PROD-5593,Furniture,Furnishings,Anti-Fatigue Standing Mat,72.0,3,0.4,-16.12
ORD-2025-11008,2025-03-23,2025-03-26,Standard Class,CUST-1002,Linda Martinez,Consumer,United States,Detroit,Michigan,48201,Central,PROD-8134,Office Supplies,Appliances,Microwave Oven 900W,616.0,7,0.2,131.06
ORD-2025-11009,2025-02-16,2025-02-20,First Class,CUST-1003,David Smith,Home Office,United States,Detroit,Michigan,48201,Central,PROD-1464,Furniture,Furnishings,Floor Lamp LED,220.0,4,0.0,63.7
ORD-2025-11010,2025-05-31,2025-06-01,First Class,CUST-1004,Sarah Williams,Corporate,United States,Los Angeles,California,90036,West,PROD-5691,Office Supplies,Binders,Clear View Presentation Binder,3.6,1,0.4,-0.2
ORD-2025-11011,2025-12-22,2025-12-24,Second Class,CUST-1008,Jessica Taylor,Home Office,United States,New York City,New York,10024,East,PROD-8011,Technology,Machines,HP LaserJet Pro,168.0,1,0.4,-35.19
ORD-2025-11012,2025-08-01,2025-08-06,Second Class,CUST-1007,James Wilson,Consumer,United States,Charlotte,North Carolina,28205,South,PROD-3307,Office Supplies,Art,Acrylic Paint Set,134.4,6,0.2,13.35
ORD-2025-11013,2025-05-15,2025-05-18,Second Class,CUST-1006,Emily Davis,Home Office,United States,Chicago,Illinois,60653,Central,PROD-5691,Office Supplies,Binders,Clear View Presentation Binder,37.8,7,0.1,8.95
ORD-2025-11014,2025-02-19,2025-02-24,Same Day,CUST-1009,Daniel Anderson,Corporate,United States,Seattle,Washington,98101,West,PROD-6301,Technology,Machines,Brother HL-L2350DW,864.0,6,0.1,221.0
ORD-2025-11015,2025-10-22,2025-10-26,Same Day,CUST-1008,Jessica Taylor,Home Office,United States,Miami,Florida,33180,South,PROD-8403,Technology,Phones,Google Pixel 7,2396.0,4,0.0,636.43
ORD-2025-11016,2025-09-02,2025-09-04,Standard Class,CUST-1011,Robert Jackson,Corporate,United States,Seattle,Washington,98101,West,PROD-5440,Furniture,Bookcases,IKEA Billy Bookcase,320.4,6,0.4,-34.51
ORD-2025-11017,2025-03-10,2025-03-12,Same Day,CUST-1005,Michael Brown,Home Office,United States,Houston,Texas,77070,Central,PROD-8073,Technology,Copiers,Canon ImageCLASS,2520.0,7,0.2,171.26
ORD-2025-11018,2025-01-28,2025-01-31,Standard Class,CUST-1002,Linda Martinez,Home Office,United States,Seattle,Washington,98101,West,PROD-8765,Furniture,Tables,Conference Table,1350.0,2,0.1,229.55
ORD-2025-11019,2025-04-02,2025-04-03,Same Day,CUST-1012,Olivia White,Consumer,United States,Chicago,Illinois,60653,Central,PROD-5986,Technology,Copiers,Xerox Phaser,1820.0,7,0.5,-439.63
ORD-2025-11020,2025-11-06,2025-11-09,Second Class,CUST-1012,Olivia White,Corporate,United States,Houston,Texas,77070,Central,PROD-1223,Technology,Accessories,Anker USB-C Hub,144.0,4,0.2,26.83
ORD-2025-11021,2025-02-18,2025-02-19,Standard Class,CUST-1009,Daniel Anderson,Consumer,United States,Chicago,Illinois,60653,Central,PROD-8403,Technology,Phones,Google Pixel 7,359.4,1,0.4,-2.48
ORD-2025-11022,2025-10-18,2025-10-19,Second Class,CUST-1004,Sarah Williams,Home Office,United States,Miami,Florida,33180,South,PROD-5691,Office Supplies,Binders,Clear View Presentation Binder,5.7,1,0.05,1.56
ORD-2025-11023,2025-11-23,2025-11-25,Second Class,CUST-1008,Jessica Taylor,Consumer,United States,Seattle,Washington,98101,West,PROD-8774,Technology,Machines,Epson EcoTank,184.0,1,0.2,22.44
ORD-2025-11024,2025-10-30,2025-10-31,Same Day,CUST-1004,Sarah Williams,Home Office,United States,Boston,Massachusetts,02215,East,PROD-7425,Furniture,Furnishings,Desk Organizer,87.5,5,0.3,-2.2
ORD-2025-11025,2025-03-01,2025-03-02,First Class,CUST-1004,Sarah Williams,Corporate,United States,New York City,New York,10024,East,PROD-6532,Furniture,Tables,Solid Oak Dining Table,480.0,1,0.2,114.72
ORD-2025-11026,2025-09-03,2025-09-08,Standard Class,CUST-1009,Daniel Anderson,Consumer,United States,Detroit,Michigan,48201,Central,PROD-2439,Office Supplies,Appliances,Electric Kettle,122.5,5,0.3,0.62
ORD-2025-11027,2025-11-24,2025-11-26,First Class,CUST-1011,Robert Jackson,Corporate,United States,Atlanta,Georgia,30318,South,PROD-9359,Furniture,Chairs,Steelcase Gesture,468.0,1,0.4,-12.21
ORD-2025-11028,2025-10-15,2025-10-19,First Class,CUST-1008,Jessica Taylor,Corporate,United States,Seattle,Washington,98101,West,PROD-6295,Technology,Accessories,Logitech MX Master 3,282.15,3,0.05,75.4
ORD-2025-11029,2025-01-25,2025-01-26,First Class,CUST-1007,James Wilson,Consumer,United States,Detroit,Michigan,48201,Central,PROD-8073,Technology,Copiers,Canon ImageCLASS,1800.0,5,0.2,434.91
ORD-2025-11030,2025-10-21,2025-10-23,First Class,CUST-1002,Linda Martinez,Home Office,United States,Philadelphia,Pennsylvania,19104,East,PROD-3776,Technology,Phones,Apple iPhone 14,2876.4,4,0.1,527.19
ORD-2025-11031,2025-03-01,2025-03-02,Second Class,CUST-1011,Robert Jackson,Corporate,United States,Philadelphia,Pennsylvania,19104,East,PROD-8774,Technology,Machines,Epson EcoTank,218.5,1,0.05,75.61
ORD-2025-11032,2025-05-07,2025-05-10,Same Day,CUST-1011,Robert Jackson,Home Office,United States,Chicago,Illinois,60653,Central,PROD-6703,Office Supplies,Storage,Archive Box Pack of 10,192.0,6,0.0,64.89
ORD-2025-11033,2025-05-23,2025-05-25,Same Day,CUST-1005,Michael Brown,Home Office,United States,Seattle,Washington,98101,West,PROD-5836,Office Supplies,Art,Faber-Castell Color Pencils,64.8,6,0.4,-2.09
ORD-2025-11034,2025-12-18,2025-12-19,Standard Class,CUST-1003,David Smith,Corporate,United States,Los Angeles,California,90036,West,PROD-1086,Office Supplies,Storage,Plastic Storage Bin 50L,122.4,6,0.15,15.37
ORD-2025-11035,2025-12-22,2025-12-27,First Class,CUST-1005,Michael Brown,Home Office,United States,Chicago,Illinois,60653,Central,PROD-8073,Technology,Copiers,Canon ImageCLASS,360.0,1,0.2,58.35
ORD-2025-11036,2025-10-02,2025-10-06,Second Class,CUST-1002,Linda Martinez,Home Office,United States,Los Angeles,California,90036,West,PROD-2095,Furniture,Bookcases,Industrial Wood Bookshelf,1083.0,6,0.05,323.41
ORD-2025-11037,2025-01-22,2025-01-27,Second Class,CUST-1004,Sarah Williams,Home Office,United States,Chicago,Illinois,60653,Central,PROD-8408,Office Supplies,Paper,Multipurpose Copy Paper 500 Sheets,30.6,3,0.15,7.11
ORD-2025-11038,2025-04-13,2025-04-14,Same Day,CUST-1007,James Wilson,Consumer,United States,Detroit,Michigan,48201,Central,PROD-6295,Technology,Accessories,Logitech MX Master 3,297.0,6,0.5,-61.66
ORD-2025-11039,2025-10-29,2025-11-03,First Class,CUST-1009,Daniel Anderson,Consumer,United States,Boston,Massachusetts,02215,East,PROD-4843,Furniture,Chairs,Herman Miller Aeron,5100.0,6,0.0,1726.41
ORD-2025-11040,2025-12-29,2025-12-31,First Class,CUST-1006,Emily Davis,Consumer,United States,New York City,New York,10024,East,PROD-7862,Office Supplies,Binders,Heavy Duty 3-Ring Binder,34.0,4,0.0,10.73
ORD-2025-11041,2025-07-18,2025-07-19,Second Class,CUST-1011,Robert Jackson,Consumer,United States,Los Angeles,California,90036,West,PROD-3307,Office Supplies,Art,Acrylic Paint Set,58.8,3,0.3,2.73
ORD-2025-11042,2025-05-02,2025-05-07,First Class,CUST-1006,Emily Davis,Home Office,United States,Atlanta,Georgia,30318,South,PROD-5986,Technology,Copiers,Xerox Phaser,988.0,2,0.05,319.25
ORD-2025-11043,2025-03-31,2025-04-04,First Class,CUST-1003,David Smith,Corporate,United States,San Francisco,California,94107,West,PROD-6835,Furniture,Tables,IKEA Bekant Desk,700.0,4,0.3,-6.6
ORD-2025-11044,2025-10-05,2025-10-09,Second Class,CUST-1011,Robert Jackson,Corporate,United States,Philadelphia,Pennsylvania,19104,East,PROD-5593,Furniture,Furnishings,Anti-Fatigue Standing Mat,144.0,6,0.4,-15.98
ORD-2025-11045,2025-07-18,2025-07-21,First Class,CUST-1011,Robert Jackson,Corporate,United States,Boston,Massachusetts,02215,East,PROD-7862,Office Supplies,Binders,Heavy Duty 3-Ring Binder,15.3,2,0.1,3.65
ORD-2025-11046,2025-12-04,2025-12-07,Same Day,CUST-1009,Daniel Anderson,Corporate,United States,Detroit,Michigan,48201,Central,PROD-6532,Furniture,Tables,Solid Oak Dining Table,600.0,2,0.5,-174.06
ORD-2025-11047,2025-11-16,2025-11-18,Second Class,CUST-1006,Emily Davis,Home Office,United States,Boston,Massachusetts,02215,East,PROD-1464,Furniture,Furnishings,Floor Lamp LED,220.0,4,0.0,65.1
ORD-2025-11048,2025-07-17,2025-07-19,First Class,CUST-1012,Olivia White,Home Office,United States,Boston,Massachusetts,02215,East,PROD-6835,Furniture,Tables,IKEA Bekant Desk,800.0,4,0.2,129.71
ORD-2025-11049,2025-03-08,2025-03-12,First Class,CUST-1010,Sophia Thomas,Home Office,United States,Seattle,Washington,98101,West,PROD-3776,Technology,Phones,Apple iPhone 14,799.0,1,0.0,209.32
ORD-2025-11050,2025-10-09,2025-10-12,First Class,CUST-1004,Sarah Williams,Home Office,United States,New York City,New York,10024,East,PROD-9359,Furniture,Chairs,Steelcase Gesture,3120.0,5,0.2,438.68
ORD-2025-11051,2025-08-17,2025-08-19,First Class,CUST-1005,Michael Brown,Consumer,United States,New York City,New York,10024,East,PROD-8073,Technology,Copiers,Canon ImageCLASS,1575.0,5,0.3,171.58
ORD-2025-11052,2025-10-10,2025-10-13,Second Class,CUST-1002,Linda Martinez,Home Office,United States,Philadelphia,Pennsylvania,19104,East,PROD-3776,Technology,Phones,Apple iPhone 14,1917.6,4,0.4,-181.87
ORD-2025-11053,2025-03-29,2025-04-03,First Class,CUST-1008,Jessica Taylor,Home Office,United States,Philadelphia,Pennsylvania,19104,East,PROD-5986,Technology,Copiers,Xerox Phaser,1560.0,3,0.0,416.56
ORD-2025-11054,2025-12-16,2025-12-19,Same Day,CUST-1003,David Smith,Consumer,United States,Boston,Massachusetts,02215,East,PROD-5440,Furniture,Bookcases,IKEA Billy Bookcase,160.2,3,0.4,-0.64
ORD-2025-11055,2025-10-30,2025-11-01,First Class,CUST-1005,Michael Brown,Consumer,United States,Detroit,Michigan,48201,Central,PROD-5986,Technology,Copiers,Xerox Phaser,1040.0,2,0.0,306.72
ORD-2025-11056,2025-05-15,2025-05-19,First Class,CUST-1001,Alex Johnson,Corporate,United States,Charlotte,North Carolina,28205,South,PROD-6301,Technology,Machines,Brother HL-L2350DW,152.0,1,0.05,35.07
ORD-2025-11057,2025-12-10,2025-12-11,First Class,CUST-1007,James Wilson,Consumer,United States,Atlanta,Georgia,30318,South,PROD-3961,Furniture,Chairs,Ergonomic Mesh Chair,918.0,6,0.15,157.11
ORD-2025-11058,2025-06-21,2025-06-26,Same Day,CUST-1007,James Wilson,Home Office,United States,Chicago,Illinois,60653,Central,PROD-5440,Furniture,Bookcases,IKEA Billy Bookcase,178.0,4,0.5,-84.66
ORD-2025-11059,2025-02-13,2025-02-16,Standard Class,CUST-1001,Alex Johnson,Consumer,United States,Los Angeles,California,90036,West,PROD-1223,Technology,Accessories,Anker USB-C Hub,42.75,1,0.05,11.89
ORD-2025-11060,2025-05-02,2025-05-03,Standard Class,CUST-1012,Olivia White,Consumer,United States,Detroit,Michigan,48201,Central,PROD-3089,Technology,Accessories,Sony WH-1000XM5,1256.4,6,0.4,-103.94
ORD-2025-11061,2025-10-13,2025-10-14,Second Class,CUST-1004,Sarah Williams,Home Office,United States,Los Angeles,California,90036,West,PROD-3776,Technology,Phones,Apple iPhone 14,2876.4,4,0.1,858.02
ORD-2025-11062,2025-02-10,2025-02-15,Second Class,CUST-1008,Jessica Taylor,Consumer,United States,Charlotte,North Carolina,28205,South,PROD-5691,Office Supplies,Binders,Clear View Presentation Binder,18.0,3,0.0,6.01
ORD-2025-11063,2025-10-20,2025-10-22,First Class,CUST-1003,David Smith,Home Office,United States,Boston,Massachusetts,02215,East,PROD-3776,Technology,Phones,Apple iPhone 14,1278.4,2,0.2,138.32
ORD-2025-11064,2025-12-18,2025-12-23,First Class,CUST-1010,Sophia Thomas,Corporate,United States,Chicago,Illinois,60653,Central,PROD-2095,Furniture,Bookcases,Industrial Wood Bookshelf,1026.0,6,0.1,230.02
ORD-2025-11065,2025-10-18,2025-10-19,Standard Class,CUST-1002,Linda Martinez,Corporate,United States,Detroit,Michigan,48201,Central,PROD-8073,Technology,Copiers,Canon ImageCLASS,2160.0,6,0.2,411.05
ORD-2025-11066,2025-07-05,2025-07-10,Standard Class,CUST-1010,Sophia Thomas,Corporate,United States,Houston,Texas,77070,Central,PROD-5593,Furniture,Furnishings,Anti-Fatigue Standing Mat,136.0,4,0.15,32.48
ORD-2025-11067,2025-10-19,2025-10-20,First Class,CUST-1007,James Wilson,Corporate,United States,Atlanta,Georgia,30318,South,PROD-5593,Furniture,Furnishings,Anti-Fatigue Standing Mat,152.0,4,0.05,52.59
ORD-2025-11068,2025-07-17,2025-07-18,Second Class,CUST-1006,Emily Davis,Corporate,United States,Philadelphia,Pennsylvania,19104,East,PROD-9359,Furniture,Chairs,Steelcase Gesture,5187.0,7,0.05,1787.3
ORD-2025-11069,2025-09-30,2025-10-04,Same Day,CUST-1003,David Smith,Corporate,United States,Chicago,Illinois,60653,Central,PROD-5986,Technology,Copiers,Xerox Phaser,884.0,2,0.15,126.8
ORD-2025-11070,2025-11-29,2025-12-04,Same Day,CUST-1007,James Wilson,Corporate,United States,Philadelphia,Pennsylvania,19104,East,PROD-6219,Office Supplies,Paper,Cardstock Heavy Weight,22.0,1,0.0,5.66
ORD-2025-11071,2025-12-28,2025-12-31,Second Class,CUST-1004,Sarah Williams,Home Office,United States,Miami,Florida,33180,South,PROD-1464,Furniture,Furnishings,Floor Lamp LED,156.75,3,0.05,49.37
ORD-2025-11072,2025-06-09,2025-06-13,Standard Class,CUST-1010,Sophia Thomas,Consumer,United States,Houston,Texas,77070,Central,PROD-1086,Office Supplies,Storage,Plastic Storage Bin 50L,36.0,3,0.5,-11.2
ORD-2025-11073,2025-11-08,2025-11-10,First Class,CUST-1011,Robert Jackson,Corporate,United States,Detroit,Michigan,48201,Central,PROD-5440,Furniture,Bookcases,IKEA Billy Bookcase,142.4,2,0.2,20.32
ORD-2025-11074,2025-04-28,2025-05-03,Second Class,CUST-1004,Sarah Williams,Corporate,United States,Miami,Florida,33180,South,PROD-9359,Furniture,Chairs,Steelcase Gesture,5187.0,7,0.05,1400.27
ORD-2025-11075,2025-02-11,2025-02-15,First Class,CUST-1002,Linda Martinez,Corporate,United States,Miami,Florida,33180,South,PROD-6532,Furniture,Tables,Solid Oak Dining Table,4200.0,7,0.0,1381.54
ORD-2025-11076,2025-04-25,2025-04-28,First Class,CUST-1010,Sophia Thomas,Corporate,United States,Philadelphia,Pennsylvania,19104,East,PROD-5593,Furniture,Furnishings,Anti-Fatigue Standing Mat,180.0,5,0.1,35.28
ORD-2025-11077,2025-12-13,2025-12-18,Standard Class,CUST-1005,Michael Brown,Home Office,United States,Seattle,Washington,98101,West,PROD-8011,Technology,Machines,HP LaserJet Pro,1372.0,7,0.3,71.64
ORD-2025-11078,2025-10-24,2025-10-26,First Class,CUST-1001,Alex Johnson,Consumer,United States,Miami,Florida,33180,South,PROD-1464,Furniture,Furnishings,Floor Lamp LED,154.0,4,0.3,3.68
ORD-2025-11079,2025-11-01,2025-11-04,Standard Class,CUST-1005,Michael Brown,Corporate,United States,Chicago,Illinois,60653,Central,PROD-8134,Office Supplies,Appliances,Microwave Oven 900W,313.5,3,0.05,99.52
ORD-2025-11080,2025-11-08,2025-11-13,Same Day,CUST-1006,Emily Davis,Consumer,United States,Detroit,Michigan,48201,Central,PROD-3961,Furniture,Chairs,Ergonomic Mesh Chair,432.0,4,0.4,-66.21
ORD-2025-11081,2025-01-18,2025-01-21,Standard Class,CUST-1009,Daniel Anderson,Consumer,United States,Philadelphia,Pennsylvania,19104,East,PROD-3776,Technology,Phones,Apple iPhone 14,1598.0,2,0.0,513.89
ORD-2025-11082,2025-11-13,2025-11-16,First Class,CUST-1002,Linda Martinez,Corporate,United States,Chicago,Illinois,60653,Central,PROD-7425,Furniture,Furnishings,Desk Organizer,17.5,1,0.3,1.02
ORD-2025-11083,2025-03-21,2025-03-22,Second Class,CUST-1008,Jessica Taylor,Consumer,United States,San Francisco,California,94107,West,PROD-6295,Technology,Accessories,Logitech MX Master 3,594.0,6,0.0,232.92
ORD-2025-11084,2025-10-03,2025-10-04,Second Class,CUST-1004,Sarah Williams,Consumer,United States,Boston,Massachusetts,02215,East,PROD-2095,Furniture,Bookcases,Industrial Wood Bookshelf,931.0,7,0.3,129.16
ORD-2025-11085,2025-05-29,2025-06-02,Standard Class,CUST-1001,Alex Johnson,Consumer,United States,Los Angeles,California,90036,West,PROD-8073,Technology,Copiers,Canon ImageCLASS,1350.0,3,0.0,422.23
ORD-2025-11086,2025-07-08,2025-07-10,Same Day,CUST-1004,Sarah Williams,Consumer,United States,Seattle,Washington,98101,West,PROD-8134,Office Supplies,Appliances,Microwave Oven 900W,264.0,3,0.2,40.71
ORD-2025-11087,2025-03-23,2025-03-28,First Class,CUST-1006,Emily Davis,Consumer,United States,Houston,Texas,77070,Central,PROD-3961,Furniture,Chairs,Ergonomic Mesh Chair,270.0,3,0.5,-70.57
ORD-2025-11088,2025-10-11,2025-10-13,Second Class,CUST-1010,Sophia Thomas,Home Office,United States,Detroit,Michigan,48201,Central,PROD-5691,Office Supplies,Binders,Clear View Presentation Binder,12.6,3,0.3,0.27
ORD-2025-11089,2025-10-01,2025-10-04,Standard Class,CUST-1004,Sarah Williams,Consumer,United States,Chicago,Illinois,60653,Central,PROD-7425,Furniture,Furnishings,Desk Organizer,45.0,3,0.4,-6.77
ORD-2025-11090,2025-03-26,2025-03-30,First Class,CUST-1011,Robert Jackson,Consumer,United States,Seattle,Washington,98101,West,PROD-3776,Technology,Phones,Apple iPhone 14,3995.0,5,0.0,1084.34
ORD-2025-11091,2025-05-21,2025-05-24,Same Day,CUST-1007,James Wilson,Home Office,United States,New York City,New York,10024,East,PROD-8011,Technology,Machines,HP LaserJet Pro,1512.0,6,0.1,259.32
ORD-2025-11092,2025-11-20,2025-11-21,First Class,CUST-1001,Alex Johnson,Consumer,United States,Chicago,Illinois,60653,Central,PROD-1464,Furniture,Furnishings,Floor Lamp LED,55.0,1,0.0,14.31
ORD-2025-11093,2025-10-09,2025-10-11,Same Day,CUST-1010,Sophia Thomas,Home Office,United States,Houston,Texas,77070,Central,PROD-8073,Technology,Copiers,Canon ImageCLASS,1350.0,6,0.5,-544.6
ORD-2025-11094,2025-11-22,2025-11-26,Same Day,CUST-1003,David Smith,Consumer,United States,Seattle,Washington,98101,West,PROD-6301,Technology,Machines,Brother HL-L2350DW,288.0,3,0.4,-14.59
ORD-2025-11095,2025-11-01,2025-11-03,Second Class,CUST-1012,Olivia White,Corporate,United States,Seattle,Washington,98101,West,PROD-5986,Technology,Copiers,Xerox Phaser,3276.0,7,0.1,701.3
ORD-2025-11096,2025-10-09,2025-10-14,First Class,CUST-1008,Jessica Taylor,Corporate,United States,Philadelphia,Pennsylvania,19104,East,PROD-1086,Office Supplies,Storage,Plastic Storage Bin 50L,57.6,3,0.2,10.0
ORD-2025-11097,2025-10-25,2025-10-29,First Class,CUST-1005,Michael Brown,Consumer,United States,Charlotte,North Carolina,28205,South,PROD-3307,Office Supplies,Art,Acrylic Paint Set,112.0,4,0.0,34.68
ORD-2025-11098,2025-11-12,2025-11-16,Same Day,CUST-1009,Daniel Anderson,Home Office,United States,New York City,New York,10024,East,PROD-8765,Furniture,Tables,Conference Table,2137.5,3,0.05,500.25
ORD-2025-11099,2025-10-24,2025-10-28,Standard Class,CUST-1007,James Wilson,Consumer,United States,Seattle,Washington,98101,West,PROD-4966,Technology,Phones,Samsung Galaxy S23,3320.25,5,0.05,835.46
ORD-2025-11100,2025-12-17,2025-12-20,Same Day,CUST-1002,Linda Martinez,Corporate,United States,Detroit,Michigan,48201,Central,PROD-1464,Furniture,Furnishings,Floor Lamp LED,220.0,5,0.2,26.63
ORD-2025-11101,2025-12-19,2025-12-23,Second Class,CUST-1012,Olivia White,Consumer,United States,Seattle,Washington,98101,West,PROD-8073,Technology,Copiers,Canon ImageCLASS,382.5,1,0.15,96.18
ORD-2025-11102,2025-10-24,2025-10-29,Standard Class,CUST-1004,Sarah Williams,Consumer,United States,Los Angeles,California,90036,West,PROD-4843,Furniture,Chairs,Herman Miller Aeron,1700.0,2,0.0,662.91
ORD-2025-11103,2025-08-20,2025-08-24,First Class,CUST-1011,Robert Jackson,Corporate,United States,Seattle,Washington,98101,West,PROD-6703,Office Supplies,Storage,Archive Box Pack of 10,102.4,4,0.2,21.6
ORD-2025-11104,2025-08-08,2025-08-12,Standard Class,CUST-1011,Robert Jackson,Corporate,United States,San Francisco,California,94107,West,PROD-5440,Furniture,Bookcases,IKEA Billy Bookcase,160.2,3,0.4,-34.49
ORD-2025-11105,2025-07-16,2025-07-17,Same Day,CUST-1012,Olivia White,Home Office,United States,Detroit,Michigan,48201,Central,PROD-9359,Furniture,Chairs,Steelcase Gesture,468.0,1,0.4,-10.16
ORD-2025-11106,2025-05-10,2025-05-11,Second Class,CUST-1012,Olivia White,Home Office,United States,San Francisco,California,94107,West,PROD-5440,Furniture,Bookcases,IKEA Billy Bookcase,267.0,5,0.4,-2.29
ORD-2025-11107,2025-06-08,2025-06-12,Second Class,CUST-1010,Sophia Thomas,Corporate,United States,Los Angeles,California,90036,West,PROD-7862,Office Supplies,Binders,Heavy Duty 3-Ring Binder,25.5,5,0.4,-0.44
ORD-2025-11108,2025-04-03,2025-04-08,Same Day,CUST-1009,Daniel Anderson,Home Office,United States,San Francisco,California,94107,West,PROD-6219,Office Supplies,Paper,Cardstock Heavy Weight,26.4,2,0.4,-1.94
ORD-2025-11109,2025-12-13,2025-12-16,Same Day,CUST-1002,Linda Martinez,Home Office,United States,New York City,New York,10024,East,PROD-5986,Technology,Copiers,Xerox Phaser,1040.0,2,0.0,355.58
ORD-2025-11110,2025-12-01,2025-12-05,Standard Class,CUST-1005,Michael Brown,Consumer,United States,Philadelphia,Pennsylvania,19104,East,PROD-8134,Office Supplies,Appliances,Microwave Oven 900W,132.0,2,0.4,-26.68
ORD-2025-11111,2025-10-15,2025-10-17,Standard Class,CUST-1008,Jessica Taylor,Corporate,United States,Detroit,Michigan,48201,Central,PROD-3961,Furniture,Chairs,Ergonomic Mesh Chair,720.0,5,0.2,165.65
ORD-2025-11112,2025-11-22,2025-11-27,Same Day,CUST-1002,Linda Martinez,Consumer,United States,San Francisco,California,94107,West,PROD-6703,Office Supplies,Storage,Archive Box Pack of 10,115.2,4,0.1,20.99
ORD-2025-11113,2025-10-18,2025-10-19,Second Class,CUST-1011,Robert Jackson,Consumer,United States,Charlotte,North Carolina,28205,South,PROD-6703,Office Supplies,Storage,Archive Box Pack of 10,128.0,4,0.0,32.56
ORD-2025-11114,2025-11-19,2025-11-20,Standard Class,CUST-1004,Sarah Williams,Consumer,United States,Philadelphia,Pennsylvania,19104,East,PROD-8073,Technology,Copiers,Canon ImageCLASS,1350.0,3,0.0,436.69
ORD-2025-11115,2025-12-22,2025-12-25,Standard Class,CUST-1005,Michael Brown,Consumer,United States,Chicago,Illinois,60653,Central,PROD-6835,Furniture,Tables,IKEA Bekant Desk,900.0,6,0.4,-48.18
ORD-2025-11116,2025-03-30,2025-04-04,Standard Class,CUST-1003,David Smith,Home Office,United States,Boston,Massachusetts,02215,East,PROD-4966,Technology,Phones,Samsung Galaxy S23,3495.0,5,0.0,1101.19
ORD-2025-11117,2025-05-07,2025-05-11,First Class,CUST-1004,Sarah Williams,Corporate,United States,Miami,Florida,33180,South,PROD-9359,Furniture,Chairs,Steelcase Gesture,3822.0,7,0.3,523.34
ORD-2025-11118,2025-12-10,2025-12-13,Same Day,CUST-1008,Jessica Taylor,Home Office,United States,Boston,Massachusetts,02215,East,PROD-5986,Technology,Copiers,Xerox Phaser,2964.0,6,0.05,979.05
ORD-2025-11119,2025-10-07,2025-10-11,Standard Class,CUST-1007,James Wilson,Consumer,United States,Seattle,Washington,98101,West,PROD-4966,Technology,Phones,Samsung Galaxy S23,1467.9,3,0.3,121.36
ORD-2025-11120,2025-11-29,2025-12-02,First Class,CUST-1009,Daniel Anderson,Home Office,United States,Houston,Texas,77070,Central,PROD-5593,Furniture,Furnishings,Anti-Fatigue Standing Mat,266.0,7,0.05,94.18
ORD-2025-11121,2025-09-08,2025-09-13,Standard Class,CUST-1005,Michael Brown,Home Office,United States,Houston,Texas,77070,Central,PROD-6532,Furniture,Tables,Solid Oak Dining Table,1620.0,3,0.1,445.9
ORD-2025-11122,2025-11-09,2025-11-14,Same Day,CUST-1005,Michael Brown,Corporate,United States,Charlotte,North Carolina,28205,South,PROD-7862,Office Supplies,Binders,Heavy Duty 3-Ring Binder,50.57,7,0.15,13.17
ORD-2025-11123,2025-12-18,2025-12-23,First Class,CUST-1004,Sarah Williams,Corporate,United States,New York City,New York,10024,East,PROD-1086,Office Supplies,Storage,Plastic Storage Bin 50L,38.4,2,0.2,8.28
ORD-2025-11124,2025-11-28,2025-12-01,Second Class,CUST-1007,James Wilson,Corporate,United States,Detroit,Michigan,48201,Central,PROD-5440,Furniture,Bookcases,IKEA Billy Bookcase,133.5,3,0.5,-59.27
ORD-2025-11125,2025-10-22,2025-10-25,Same Day,CUST-1008,Jessica Taylor,Home Office,United States,Detroit,Michigan,48201,Central,PROD-5836,Office Supplies,Art,Faber-Castell Color Pencils,54.0,3,0.0,16.51
ORD-2025-11126,2025-09-08,2025-09-12,Same Day,CUST-1007,James Wilson,Corporate,United States,Los Angeles,California,90036,West,PROD-4966,Technology,Phones,Samsung Galaxy S23,4893.0,7,0.0,1927.08
ORD-2025-11127,2025-12-07,2025-12-12,First Class,CUST-1003,David Smith,Consumer,United States,Miami,Florida,33180,South,PROD-3776,Technology,Phones,Apple iPhone 14,639.2,1,0.2,42.73
ORD-2025-11128,2025-10-28,2025-10-30,Second Class,CUST-1010,Sophia Thomas,Home Office,United States,Detroit,Michigan,48201,Central,PROD-6835,Furniture,Tables,IKEA Bekant Desk,200.0,1,0.2,43.56
ORD-2025-11129,2025-12-15,2025-12-16,Second Class,CUST-1002,Linda Martinez,Home Office,United States,Houston,Texas,77070,Central,PROD-3776,Technology,Phones,Apple iPhone 14,2796.5,7,0.5,-1070.73
ORD-2025-11130,2025-03-30,2025-04-02,Standard Class,CUST-1001,Alex Johnson,Consumer,United States,Houston,Texas,77070,Central,PROD-8134,Office Supplies,Appliances,Microwave Oven 900W,352.0,4,0.2,61.04
ORD-2025-11131,2025-08-16,2025-08-20,Same Day,CUST-1001,Alex Johnson,Home Office,United States,Chicago,Illinois,60653,Central,PROD-3307,Office Supplies,Art,Acrylic Paint Set,98.0,7,0.5,-34.52
ORD-2025-11132,2025-07-18,2025-07-23,Second Class,CUST-1006,Emily Davis,Consumer,United States,Seattle,Washington,98101,West,PROD-5836,Office Supplies,Art,Faber-Castell Color Pencils,88.2,7,0.3,8.69
ORD-2025-11133,2025-06-10,2025-06-13,Second Class,CUST-1012,Olivia White,Corporate,United States,Philadelphia,Pennsylvania,19104,East,PROD-5836,Office Supplies,Art,Faber-Castell Color Pencils,97.2,6,0.1,21.94
ORD-2025-11134,2025-02-03,2025-02-04,Same Day,CUST-1010,Sophia Thomas,Corporate,United States,Houston,Texas,77070,Central,PROD-5986,Technology,Copiers,Xerox Phaser,1872.0,6,0.4,-41.87
ORD-2025-11135,2025-11-01,2025-11-04,First Class,CUST-1008,Jessica Taylor,Consumer,United States,New York City,New York,10024,East,PROD-2439,Office Supplies,Appliances,Electric Kettle,157.5,5,0.1,30.3
ORD-2025-11136,2025-07-15,2025-07-17,Standard Class,CUST-1012,Olivia White,Consumer,United States,Seattle,Washington,98101,West,PROD-4831,Office Supplies,Appliances,Compact Refrigerator,540.0,3,0.0,173.45
ORD-2025-11137,2025-05-11,2025-05-14,Second Class,CUST-1007,James Wilson,Corporate,United States,New York City,New York,10024,East,PROD-5440,Furniture,Bookcases,IKEA Billy Bookcase,445.0,5,0.0,162.53
ORD-2025-11138,2025-02-17,2025-02-22,Second Class,CUST-1005,Michael Brown,Home Office,United States,Atlanta,Georgia,30318,South,PROD-6295,Technology,Accessories,Logitech MX Master 3,623.7,7,0.1,145.26
ORD-2025-11139,2025-10-10,2025-10-13,Second Class,CUST-1009,Daniel Anderson,Consumer,United States,Charlotte,North Carolina,28205,South,PROD-6835,Furniture,Tables,IKEA Bekant Desk,1187.5,5,0.05,391.44
ORD-2025-11140,2025-10-19,2025-10-22,Standard Class,CUST-1009,Daniel Anderson,Home Office,United States,San Francisco,California,94107,West,PROD-6295,Technology,Accessories,Logitech MX Master 3,376.2,4,0.05,88.32
ORD-2025-11141,2025-05-04,2025-05-07,First Class,CUST-1008,Jessica Taylor,Consumer,United States,Miami,Florida,33180,South,PROD-8408,Office Supplies,Paper,Multipurpose Copy Paper 500 Sheets,24.0,2,0.0,9.36
ORD-2025-11142,2025-11-03,2025-11-07,Same Day,CUST-1011,Robert Jackson,Corporate,United States,Charlotte,North Carolina,28205,South,PROD-2095,Furniture,Bookcases,Industrial Wood Bookshelf,1130.5,7,0.15,228.07
ORD-2025-11143,2025-11-30,2025-12-02,Standard Class,CUST-1004,Sarah Williams,Consumer,United States,Houston,Texas,77070,Central,PROD-5986,Technology,Copiers,Xerox Phaser,1248.0,4,0.4,-152.01
ORD-2025-11144,2025-12-18,2025-12-20,Same Day,CUST-1010,Sophia Thomas,Home Office,United States,Boston,Massachusetts,02215,East,PROD-1464,Furniture,Furnishings,Floor Lamp LED,110.0,2,0.0,29.14
ORD-2025-11145,2025-11-18,2025-11-22,Same Day,CUST-1006,Emily Davis,Consumer,United States,Miami,Florida,33180,South,PROD-4843,Furniture,Chairs,Herman Miller Aeron,1700.0,2,0.0,604.67
ORD-2025-11146,2025-01-28,2025-02-01,Same Day,CUST-1002,Linda Martinez,Home Office,United States,Houston,Texas,77070,Central,PROD-8134,Office Supplies,Appliances,Microwave Oven 900W,66.0,1,0.4,-3.19
ORD-2025-11147,2025-10-10,2025-10-12,First Class,CUST-1001,Alex Johnson,Consumer,United States,Boston,Massachusetts,02215,East,PROD-1086,Office Supplies,Storage,Plastic Storage Bin 50L,67.2,4,0.3,4.79
ORD-2025-11148,2025-11-10,2025-11-15,First Class,CUST-1005,Michael Brown,Corporate,United States,Seattle,Washington,98101,West,PROD-6219,Office Supplies,Paper,Cardstock Heavy Weight,92.4,7,0.4,-10.01
ORD-2025-11149,2025-12-07,2025-12-12,Standard Class,CUST-1003,David Smith,Corporate,United States,Detroit,Michigan,48201,Central,PROD-3307,Office Supplies,Art,Acrylic Paint Set,53.2,2,0.05,17.95
ORD-2025-11150,2025-11-12,2025-11-16,Second Class,CUST-1001,Alex Johnson,Consumer,United States,Chicago,Illinois,60653,Central,PROD-1223,Technology,Accessories,Anker USB-C Hub,202.5,5,0.1,39.63
ORD-2025-11151,2025-03-19,2025-03-24,First Class,CUST-1004,Sarah Williams,Consumer,United States,Los Angeles,California,90036,West,PROD-6301,Technology,Machines,Brother HL-L2350DW,640.0,4,0.0,234.97
ORD-2025-11152,2025-03-26,2025-03-30,Standard Class,CUST-1002,Linda Martinez,Home Office,United States,Atlanta,Georgia,30318,South,PROD-6703,Office Supplies,Storage,Archive Box Pack of 10,76.8,3,0.2,10.11
ORD-2025-11153,2025-06-17,2025-06-22,First Class,CUST-1010,Sophia Thomas,Consumer,United States,New York City,New York,10024,East,PROD-5593,Furniture,Furnishings,Anti-Fatigue Standing Mat,102.0,3,0.15,21.02
ORD-2025-11154,2025-12-12,2025-12-15,First Class,CUST-1002,Linda Martinez,Consumer,United States,New York City,New York,10024,East,PROD-8073,Technology,Copiers,Canon ImageCLASS,360.0,1,0.2,62.15
ORD-2025-11155,2025-07-24,2025-07-27,First Class,CUST-1002,Linda Martinez,Consumer,United States,Boston,Massachusetts,02215,East,PROD-9359,Furniture,Chairs,Steelcase Gesture,546.0,1,0.3,30.51
ORD-2025-11156,2025-11-27,2025-11-28,First Class,CUST-1006,Emily Davis,Consumer,United States,Chicago,Illinois,60653,Central,PROD-5593,Furniture,Furnishings,Anti-Fatigue Standing Mat,180.0,5,0.1,34.52
ORD-2025-11157,2025-10-19,2025-10-22,Second Class,CUST-1010,Sophia Thomas,Corporate,United States,Miami,Florida,33180,South,PROD-3776,Technology,Phones,Apple iPhone 14,5593.0,7,0.0,2111.32
ORD-2025-11158,2025-08-08,2025-08-09,Second Class,CUST-1001,Alex Johnson,Consumer,United States,Miami,Florida,33180,South,PROD-1223,Technology,Accessories,Anker USB-C Hub,252.0,7,0.2,30.93
ORD-2025-11159,2025-12-25,2025-12-30,Standard Class,CUST-1001,Alex Johnson,Consumer,United States,Houston,Texas,77070,Central,PROD-8403,Technology,Phones,Google Pixel 7,599.0,1,0.0,165.79
ORD-2025-11160,2025-04-09,2025-04-13,Same Day,CUST-1002,Linda Martinez,Corporate,United States,Detroit,Michigan,48201,Central,PROD-6219,Office Supplies,Paper,Cardstock Heavy Weight,44.0,2,0.0,11.97
ORD-2025-11161,2025-03-22,2025-03-27,Standard Class,CUST-1008,Jessica Taylor,Home Office,United States,Boston,Massachusetts,02215,East,PROD-9359,Furniture,Chairs,Steelcase Gesture,4368.0,7,0.2,547.36
ORD-2025-11162,2025-12-22,2025-12-26,First Class,CUST-1009,Daniel Anderson,Corporate,United States,Detroit,Michigan,48201,Central,PROD-3307,Office Supplies,Art,Acrylic Paint Set,176.4,7,0.1,33.89
ORD-2025-11163,2025-10-28,2025-11-01,Second Class,CUST-1012,Olivia White,Consumer,United States,Los Angeles,California,90036,West,PROD-3776,Technology,Phones,Apple iPhone 14,479.4,1,0.4,-15.11
ORD-2025-11164,2025-11-09,2025-11-12,Second Class,CUST-1012,Olivia White,Corporate,United States,Atlanta,Georgia,30318,South,PROD-6301,Technology,Machines,Brother HL-L2350DW,192.0,2,0.4,-31.5
ORD-2025-11165,2025-10-22,2025-10-25,Standard Class,CUST-1001,Alex Johnson,Consumer,United States,Houston,Texas,77070,Central,PROD-5986,Technology,Copiers,Xerox Phaser,2184.0,6,0.3,-91.68
ORD-2025-11166,2025-11-08,2025-11-12,First Class,CUST-1010,Sophia Thomas,Home Office,United States,New York City,New York,10024,East,PROD-8774,Technology,Machines,Epson EcoTank,138.0,1,0.4,-30.21
ORD-2025-11167,2025-10-15,2025-10-17,Same Day,CUST-1005,Michael Brown,Consumer,United States,Philadelphia,Pennsylvania,19104,East,PROD-8403,Technology,Phones,Google Pixel 7,1437.6,3,0.2,143.7
ORD-2025-11168,2025-10-11,2025-10-15,Second Class,CUST-1004,Sarah Williams,Consumer,United States,Detroit,Michigan,48201,Central,PROD-8134,Office Supplies,Appliances,Microwave Oven 900W,385.0,5,0.3,-26.97
ORD-2025-11169,2025-11-10,2025-11-12,Same Day,CUST-1012,Olivia White,Consumer,United States,Charlotte,North Carolina,28205,South,PROD-8134,Office Supplies,Appliances,Microwave Oven 900W,330.0,5,0.4,-3.67
ORD-2025-11170,2025-12-12,2025-12-13,Same Day,CUST-1007,James Wilson,Corporate,United States,Philadelphia,Pennsylvania,19104,East,PROD-5691,Office Supplies,Binders,Clear View Presentation Binder,15.3,3,0.15,2.09
ORD-2025-11171,2025-01-20,2025-01-25,First Class,CUST-1007,James Wilson,Corporate,United States,Seattle,Washington,98101,West,PROD-3776,Technology,Phones,Apple iPhone 14,3355.8,7,0.4,-200.49
ORD-2025-11172,2025-01-02,2025-01-03,First Class,CUST-1009,Daniel Anderson,Home Office,United States,Miami,Florida,33180,South,PROD-1086,Office Supplies,Storage,Plastic Storage Bin 50L,86.4,4,0.1,21.11
ORD-2025-11173,2025-10-12,2025-10-14,Same Day,CUST-1009,Daniel Anderson,Home Office,United States,Chicago,Illinois,60653,Central,PROD-7862,Office Supplies,Binders,Heavy Duty 3-Ring Binder,35.7,6,0.3,-2.14
ORD-2025-11174,2025-12-30,2026-01-02,Second Class,CUST-1011,Robert Jackson,Corporate,United States,Houston,Texas,77070,Central,PROD-8073,Technology,Copiers,Canon ImageCLASS,1620.0,6,0.4,-125.34
ORD-2025-11175,2025-10-05,2025-10-06,Standard Class,CUST-1003,David Smith,Consumer,United States,Los Angeles,California,90036,West,PROD-8011,Technology,Machines,HP LaserJet Pro,168.0,1,0.4,-14.18
ORD-2025-11176,2025-09-14,2025-09-19,Same Day,CUST-1009,Daniel Anderson,Consumer,United States,Charlotte,North Carolina,28205,South,PROD-1086,Office Supplies,Storage,Plastic Storage Bin 50L,72.0,3,0.0,24.99
ORD-2025-11177,2025-07-18,2025-07-23,First Class,CUST-1012,Olivia White,Consumer,United States,Los Angeles,California,90036,West,PROD-1223,Technology,Accessories,Anker USB-C Hub,81.0,2,0.1,20.54
ORD-2025-11178,2025-11-20,2025-11-23,Same Day,CUST-1007,James Wilson,Consumer,United States,Miami,Florida,33180,South,PROD-3089,Technology,Accessories,Sony WH-1000XM5,1256.4,6,0.4,-242.94
ORD-2025-11179,2025-10-27,2025-10-31,Same Day,CUST-1007,James Wilson,Corporate,United States,Chicago,Illinois,60653,Central,PROD-4966,Technology,Phones,Samsung Galaxy S23,1398.0,2,0.0,555.61
ORD-2025-11180,2025-12-07,2025-12-10,Same Day,CUST-1012,Olivia White,Consumer,United States,Houston,Texas,77070,Central,PROD-6295,Technology,Accessories,Logitech MX Master 3,495.0,5,0.0,162.85
ORD-2025-11181,2025-10-11,2025-10-14,Standard Class,CUST-1010,Sophia Thomas,Consumer,United States,Chicago,Illinois,60653,Central,PROD-5593,Furniture,Furnishings,Anti-Fatigue Standing Mat,24.0,1,0.4,-3.99
ORD-2025-11182,2025-03-12,2025-03-16,Second Class,CUST-1005,Michael Brown,Corporate,United States,Miami,Florida,33180,South,PROD-1086,Office Supplies,Storage,Plastic Storage Bin 50L,81.6,4,0.15,13.36
ORD-2025-11183,2025-11-03,2025-11-06,Second Class,CUST-1012,Olivia White,Consumer,United States,Boston,Massachusetts,02215,East,PROD-4831,Office Supplies,Appliances,Compact Refrigerator,540.0,3,0.0,208.29
ORD-2025-11184,2025-05-16,2025-05-19,Standard Class,CUST-1003,David Smith,Home Office,United States,Boston,Massachusetts,02215,East,PROD-6295,Technology,Accessories,Logitech MX Master 3,252.45,3,0.15,36.76
ORD-2025-11185,2025-10-09,2025-10-10,First Class,CUST-1009,Daniel Anderson,Home Office,United States,Chicago,Illinois,60653,Central,PROD-9359,Furniture,Chairs,Steelcase Gesture,3120.0,4,0.0,1122.09
ORD-2025-11186,2025-10-10,2025-10-15,Standard Class,CUST-1002,Linda Martinez,Corporate,United States,San Francisco,California,94107,West,PROD-7425,Furniture,Furnishings,Desk Organizer,21.25,1,0.15,5.65
ORD-2025-11187,2025-10-15,2025-10-17,Standard Class,CUST-1006,Emily Davis,Consumer,United States,Boston,Massachusetts,02215,East,PROD-8408,Office Supplies,Paper,Multipurpose Copy Paper 500 Sheets,43.2,4,0.1,9.15
ORD-2025-11188,2025-12-24,2025-12-29,Second Class,CUST-1007,James Wilson,Consumer,United States,Detroit,Michigan,48201,Central,PROD-5691,Office Supplies,Binders,Clear View Presentation Binder,21.0,5,0.3,0.24
ORD-2025-11189,2025-12-04,2025-12-07,First Class,CUST-1003,David Smith,Corporate,United States,Charlotte,North Carolina,28205,South,PROD-5440,Furniture,Bookcases,IKEA Billy Bookcase,445.0,5,0.0,130.81
ORD-2025-11190,2025-05-11,2025-05-15,Standard Class,CUST-1002,Linda Martinez,Corporate,United States,Boston,Massachusetts,02215,East,PROD-8765,Furniture,Tables,Conference Table,1500.0,2,0.0,382.39
ORD-2025-11191,2025-10-03,2025-10-05,Second Class,CUST-1012,Olivia White,Consumer,United States,Seattle,Washington,98101,West,PROD-6835,Furniture,Tables,IKEA Bekant Desk,750.0,3,0.0,235.36
ORD-2025-11192,2025-10-12,2025-10-13,Same Day,CUST-1002,Linda Martinez,Corporate,United States,Philadelphia,Pennsylvania,19104,East,PROD-3089,Technology,Accessories,Sony WH-1000XM5,2094.0,6,0.0,564.71
ORD-2025-11193,2025-06-16,2025-06-20,First Class,CUST-1008,Jessica Taylor,Home Office,United States,Boston,Massachusetts,02215,East,PROD-1223,Technology,Accessories,Anker USB-C Hub,121.5,3,0.1,22.88
ORD-2025-11194,2025-11-29,2025-12-02,Same Day,CUST-1001,Alex Johnson,Corporate,United States,San Francisco,California,94107,West,PROD-6835,Furniture,Tables,IKEA Bekant Desk,1750.0,7,0.0,503.56
ORD-2025-11195,2025-11-19,2025-11-20,First Class,CUST-1003,David Smith,Corporate,United States,Chicago,Illinois,60653,Central,PROD-9359,Furniture,Chairs,Steelcase Gesture,5460.0,7,0.0,1899.12
ORD-2025-11196,2025-10-23,2025-10-26,Same Day,CUST-1007,James Wilson,Corporate,United States,Philadelphia,Pennsylvania,19104,East,PROD-8073,Technology,Copiers,Canon ImageCLASS,405.0,1,0.1,91.45
ORD-2025-11197,2025-12-07,2025-12-12,Second Class,CUST-1002,Linda Martinez,Corporate,United States,Detroit,Michigan,48201,Central,PROD-9359,Furniture,Chairs,Steelcase Gesture,4641.0,7,0.15,1348.37
ORD-2025-11198,2025-10-18,2025-10-19,Second Class,CUST-1005,Michael Brown,Corporate,United States,Boston,Massachusetts,02215,East,PROD-2439,Office Supplies,Appliances,Electric Kettle,232.75,7,0.05,62.69
ORD-2025-11199,2025-09-30,2025-10-03,Same Day,CUST-1010,Sophia Thomas,Corporate,United States,San Francisco,California,94107,West,PROD-6295,Technology,Accessories,Logitech MX Master 3,504.9,6,0.15,84.27
ORD-2025-11200,2025-11-01,2025-11-06,Second Class,CUST-1011,Robert Jackson,Corporate,United States,Chicago,Illinois,60653,Central,PROD-7425,Furniture,Furnishings,Desk Organizer,30.0,2,0.4,-2.68
